Страна,Код страны,Код города,Город
Армения,374,23,Bjni
Армения,374,37,Hoktember
Армения,374,96,Infocom Telephone Network
Армения,374,84,Khndzoresk
Армения,374,940,Mobile GSM
Армения,374,941,Mobile GSM
Армения,374,24,Proshyan
Армения,374,84,Verishen
Армения,374,31,Zvartnots
Армения,374,22,Абовян // Abovian
Армения,374,53,Алаверди // Alaverdi
Армения,374,23,Алапарс // Alapars
Армения,374,460,Амасия (Ширак) // Amasia
Армения,374,42,Ани (ст.) (Ширак) // Ani station
Армения,374,520,Апаран // Aparan
Армения,374,4300,Арапи (Ширак) // Arapi
Армения,374,38,Арарат // Ararat
Армения,374,24,Аргел // Argel
Армения,374,37,Армавир // Armavir
Армения,374,35,Арташат (Арарат) // Artashat
Армения,374,44,Артик (Ширак) // Artik
Армения,374,4300,Ахурян (Ширак) // Akhurian
Армения,374,45,Ашотск (Ширак) // Ashotsk
Армения,374,32,Аштарак // Ashtarak
Армения,374,33,Баграмян (Армавир) // Baghramian
Армения,374,67,Берд // Berd
Армения,374,51,Ваагни (с.) // Vahagni
Армения,374,82,Вайк // Vayk
Армения,374,51,Ванадзор // Vanadzor
Армения,374,69,Варденис (Гегхаркуник) // Vardenis
Армения,374,34,Веди (Арарат) // Vedi
Армения,374,64,Гавар (Гегхаркуник) // Gavar
Армения,374,84,Горис // Goris
Армения,374,41,Гюмри (Ширак) // Gyumri
Армения,374,33,Даларик (Армавир) // Dalarik
Армения,374,87,Джермук // Jermuk
Армения,374,51,Дзорагет (с.) // Dzoraget
Армения,374,680,Дилижан // Dilijan
Армения,374,24,Егвард // Eghvard
Армения,374,51,Егегнут (с.) // Eghegnut
Армения,374,1,Ереван // Yerevan
Армения,374,81,Ехегнадзор // Yeghegnadzor
Армения,374,24,Зовуни (с.) // Zovuni
Армения,374,23,Золак (с.) // Solak
Армения,374,63,Иджеван // Ijevan
Армения,374,85,Каджаран // Kajaran
Армения,374,64,Камо (Гегхаркуник) // Kamo
Армения,374,4300,Камо (Ширак) // Kamo
Армения,374,85,Капан // Kapan
Армения,374,33,Каракерд (Армавир) // Karakerd
Армения,374,66,Кохб (с.) // Koghb
Армения,374,51,Лермонтов (с.) // Lermontov
Армения,374,42,Маралик (Ширак) // Maralik
Армения,374,51,Маргаовит (с.) // Margahovit
Армения,374,62,Мартуни (Гегхаркуник) // Martuni
Армения,374,36,Масис (Арарат) // Masis
Армения,374,23,Меградзор (с.) // Meghradzor
Армения,374,860,Мегри // Meghri
Армения,374,37,Мецамор (п.) (Армавир) // Metsamor
Армения,374,33,Мясникян (с.) // Miasnikian
Армения,374,66,Ноемберян // Noyemberian
Армения,374,24,Нор-Ачн (с.) // Nor Hajn
Армения,374,24,Нор-Гехи (с.) // Nor Gekhi
Армения,374,51,Памбак (с.) // Pambak
Армения,374,44,Пемзашен (п.) (Ширак) // Pemzashen
Армения,374,22,Птгни (п.) // Ptghni
Армения,374,23,Пюник (с.) // Piunik
Армения,374,23,Раздан // Hrazdan
Армения,374,42,Сарахпюр (с.) (Ширак) // Sarnakhpyur
Армения,374,64,Сарухан (с.) (Гегхаркуник) // Sarukhan
Армения,374,61,Севан (Гегхаркуник) // Sevan
Армения,374,830,Сисиан // Sisian
Армения,374,550,Спитак // Spitak
Армения,374,56,Степанаван // Stepanavan
Армения,374,490,Талин // Talin
Армения,374,54,Ташир // Tashir
Армения,374,23,Цахкадзор // Tsakhkadzor
Армения,374,570,Цахкаовит // Tsaghkahovit
Армения,374,65,Чамбарак (Гегхаркуник) // Chambarak
Армения,374,26,Чаренцаван // Charentsavan
Армения,374,42,Ширакаван (с.) (Ширак) // Shirakavan
Армения,374,31,Эчмиадзин (Армавир) // Echmiadzin
Азербайджан,994,192,Агдам // Agdam
Азербайджан,994,193,Агдаш // Agdash
Азербайджан,994,113,Агджабеди // Agjabadi
Азербайджан,994,140,Аджикабул // Hajigabul
Азербайджан,994,244,Акстафа // Agstafa
Азербайджан,994,197,Али-Байрамлы // Ali Bayramli
Азербайджан,994,195,Астара // Astara
Азербайджан,994,198,Ахсу // Akhsu
Азербайджан,994,12,Баку // Baku
Азербайджан,994,110,Барда // Barda
Азербайджан,994,152,Бейлаган // Beylagan
Азербайджан,994,119,Белокань // Belaken
Азербайджан,994,159,Биласувар // Bilasuvar
Азербайджан,994,160,Габала // Gabala
Азербайджан,994,167,Геокчай // Goychay
Азербайджан,994,234,Геранбой // Geranboy
Азербайджан,994,150,Гобустан // Gobustan
Азербайджан,994,22,Гянджа // Ganja
Азербайджан,994,216,Дашкесан // Dashkasan
Азербайджан,994,114,Джалилабад // Jalilabad
Азербайджан,994,115,Дивичи // Davachi
Азербайджан,994,166,Евлах // Yevlakh
Азербайджан,994,174,Закаталы // Zagatala
Азербайджан,994,135,Зардоб // Zardab
Азербайджан,994,154,Имишли // Imishli
Азербайджан,994,178,Исмайллы // Ismayilli
Азербайджан,994,279,Казах // Gazakh
Азербайджан,994,144,Кахи // Gakh
Азербайджан,994,232,Кедабек
Азербайджан,994,266,Кельбаджары // Kalbajar
Азербайджан,994,169,Куба // Guba
Азербайджан,994,138,Кусары // Gusar
Азербайджан,994,145,Кюрдамир // Kurdamir
Азербайджан,994,146,Лачин // Lachin
Азербайджан,994,171,Ленкорань // Lankaran
Азербайджан,994,157,Лерик // Lerik
Азербайджан,994,151,Масаллы // Masalli
Азербайджан,994,147,Мингечаур // Mingachevir
Азербайджан,994,255,Нафталан // Naftalan
Азербайджан,994,136,Нахичевань // Nakhichevan
Азербайджан,994,153,Нефтечала // Neftechala
Азербайджан,994,111,Огуз // Oguz
Азербайджан,994,168,Саатлы // Saatli
Азербайджан,994,143,Сабирабад // Sabirabad
Азербайджан,994,163,Сальяны // Salyan
Азербайджан,994,265,Самух // Samukh
Азербайджан,994,190,Сиазань // Siyazan
Азербайджан,994,164,Сумгаит // Sumgayit
Азербайджан,994,231,Тауз // Tovuz
Азербайджан,994,246,Тер-Тер // Tar - Tar
Азербайджан,994,170,Уджары // Ujar
Азербайджан,994,141,Физули // Fizuli
Азербайджан,994,162,Ханкенди // Khankendi
Азербайджан,994,230,Ханлар // Khanlar
Азербайджан,994,172,Хачмас // Khachmaz
Азербайджан,994,199,Хызы // Khizi
Азербайджан,994,241,Шамкир // Shamkir
Азербайджан,994,177,Шеки // Shaki
Азербайджан,994,176,Шемаха // Shamakha
Азербайджан,994,191,Шуша // Shusha
Азербайджан,994,175,Ярдымлы // Yardimli
Беларусь,375,163,Барановичи (Брестская обл.)
Беларусь,375,2232,Белыничи (Могилевская обл.)
Беларусь,375,1643,Береза (Брестская обл.)
Беларусь,375,1715,Березино (Минская обл.)
Беларусь,375,1511,Берестовица (Гродн обл.)
Беларусь,375,2131,Бешенковичи (Витебская обл.)
Беларусь,375,2251,Бобруйск (Могилевская обл.)
Беларусь,375,225,Бобруйск (Могилевская обл.)
Беларусь,375,177,Борисов (Минская обл.)
Беларусь,375,2344,Брагин (Гомельская обл.)
Беларусь,375,2153,Браслав (Витебская обл.)
Беларусь,375,162,Брест
Беларусь,375,2336,Буда Кошелево (Гомельская обл.)
Беларусь,375,2231,Быхов (Могилевская обл.)
Беларусь,375,2151,Верхнедвинск (Витебская обл.)
Беларусь,375,2330,Ветка (Гомельская обл.)
Беларусь,375,1771,Вилейка (Минская обл.)
Беларусь,375,212,Витебск
Беларусь,375,1512,Волковыск (Гродненская обл.)
Беларусь,375,1772,Воложин (Минская обл.)
Беларусь,375,1594,Вороново (Гродненская обл.)
Беларусь,375,1646,Ганцевичи (Брестская обл.)
Беларусь,375,2156,Глубокое (Витебская обл.)
Беларусь,375,2230,Глузск (Могилевская обл.)
Беларусь,375,232,Гомель
Беларусь,375,2233,Горки (Могилевская обл.)
Беларусь,375,2139,Городок (Витебская обл.)
Беларусь,375,152,Гродно
Беларусь,375,1716,Дзержинск (Минская обл.)
Беларусь,375,2333,Добруш (Гомельская обл.)
Беларусь,375,2157,Докшицы (Витебская обл.)
Беларусь,375,2248,Дрибин (Могилевская обл.)
Беларусь,375,1644,Дрогичин (Брестская обл.)
Беларусь,375,2137,Дубровно (Витебская обл.)
Беларусь,375,1563,Дятлово (Гродненская обл.)
Беларусь,375,2354,Ельск (Гомельская обл.)
Беларусь,375,1641,Жабинка (Брестская обл.)
Беларусь,375,2353,Житковичи (Гомельская обл.)
Беларусь,375,2334,Жлобин (Гомельская обл.)
Беларусь,375,1775,Жодино (Минская обл.)
Беларусь,375,1564,Зельва (Гродненская обл.)
Беларусь,375,1652,Иваново (Брестская обл.)
Беларусь,375,1645,Ивацевичи (Бресткая обл.)
Беларусь,375,1595,Ивье (Гродненская обл.)
Беларусь,375,2345,Калинковичи (Гомельская обл.)
Беларусь,375,1631,Каменец (Брестская обл.)
Беларусь,375,2237,Кировск (Могилевская обл.)
Беларусь,375,1793,Клецк (Минская обл.)
Беларусь,375,2244,Климовичи (Могилевская обл.)
Беларусь,375,2236,Кличев (Могилевская обл.)
Беларусь,375,1642,Кобрин (Брестская обл.)
Беларусь,375,1719,Копыль (Минская обл.)
Беларусь,375,1596,Кореличи (Гродненская обл.)
Беларусь,375,2337,Корма (Гомельская обл.)
Беларусь,375,2245,Костюковичи (Могилевская обл.)
Беларусь,375,2238,Краснополье (Могилевская обл.)
Беларусь,375,2241,Кричев (Могилевская обл.)
Беларусь,375,2234,Круглое (Могилевская обл.)
Беларусь,375,1796,Крупки (Минская обл.)
Беларусь,375,2356,Лельчицы (Гомельская обл.)
Беларусь,375,2132,Лепель (Витебская обл.)
Беларусь,375,154,Лида (Гродненская обл.)
Беларусь,375,2138,Лиозно (Витебская обл.)
Беларусь,375,2347,Лоев (Гомельская обл.)
Беларусь,375,1647,Лунинец (Брестская обл.)
Беларусь,375,1794,Любань (Минская обл.)
Беларусь,375,1633,Ляховичи (Брестская обл.)
Беларусь,375,1651,Малорита (Брестская обл.)
Беларусь,375,1713,Марьина Горка (Минская обл.)
Беларусь,375,17,Минск
Беларусь,375,2152,Миоры (Витебская обл.)
Беларусь,375,222,Могилев
Беларусь,375,236,Мозырь (Гомельская обл.)
Беларусь,375,176,Молодечно (Минская обл.)
Беларусь,375,1515,Мосты (Гродненская обл.)
Беларусь,375,2240,Мстиславль (Могилевская обл.)
Беларусь,375,2355,Наровля (Гомельская обл.)
Беларусь,375,1797,Нарочь (Минская обл.)
Беларусь,375,1770,Несвиж (Минская обл.)
Беларусь,375,1597,Новогрудок (Гродненская обл.)
Беларусь,375,214,Новополоцк (Витебская обл.)
Беларусь,375,2357,Октябрьский (Гомельская обл.)
Беларусь,375,216,Орша (Витебская обл.)
Беларусь,375,2235,Осиповичи (Могилевская обл.)
Беларусь,375,1591,Островец (Гродненская обл.)
Беларусь,375,1593,Ошмяны (Гродненская обл.)
Беларусь,375,2350,Петриков (Гомельская обл.)
Беларусь,375,165,Пинск (Брестская обл.)
Беларусь,375,1774,Плещеницы (Минская обл.)
Беларусь,375,2155,Поставы (Витебская обл.)
Беларусь,375,1632,Пружаны (Брестская обл.)
Беларусь,375,2340,Речица (Гомельская обл.)
Беларусь,375,2339,Рогачев (Гомельская обл.)
Беларусь,375,2159,Россоны (Витебская обл.)
Беларусь,375,2342,Светлогорск (Гомельская обл.)
Беларусь,375,1513,Свислочь (Гродненская обл.)
Беларусь,375,2135,Сенно (Витебская обл.)
Беларусь,375,2246,Славгород (Могилевская обл.)
Беларусь,375,1562,Слоним (Гродненская обл.)
Беларусь,375,1795,Слуцк (Минская обл.)
Беларусь,375,1776,Смолевичи (Минская обл.)
Беларусь,375,1592,Сморгонь (Гродненская обл.)
Беларусь,375,174,Солигорск (Минская обл.)
Беларусь,375,1792,Старые Дороги (Минская обл.)
Беларусь,375,1717,Столбцы (Минская обл.)
Беларусь,375,1655,Столин (Брестская обл.)
Беларусь,375,2136,Толочин (Витебская обл.)
Беларусь,375,1718,Узда (Минская обл.)
Беларусь,375,2158,Ушачи (Витебская обл.)
Беларусь,375,2346,Хойники (Гомельская обл.)
Беларусь,375,2247,Хотимск (Могилевская обл.)
Беларусь,375,2242,Чаусы (Могилевская обл.)
Беларусь,375,2133,Чашники (Витебская обл.)
Беларусь,375,1714,Червень (Минская обл.)
Беларусь,375,2243,Чериков (Могилевская обл.)
Беларусь,375,2332,Чечерск (Гомельская обл.)
Беларусь,375,2154,Шарковщина (Витебская обл.)
Беларусь,375,2239,Шклов (Могилевская обл.)
Беларусь,375,2130,Шумилино (Витебская обл.)
Беларусь,375,1514,Щучин (Гродненская обл.)
Беларусь,375,24,Белтелеком (Максифон)
Беларусь,375,25,life:)
Беларусь,375,291,Velcom
Беларусь,375,292,МТС
Беларусь,375,293,Velcom
Беларусь,375,294,Velcom или Diallog
Беларусь,375,295,МТС
Беларусь,375,296,Velcom
Беларусь,375,297,МТС
Беларусь,375,298,МТС
Беларусь,375,299,Velcom (ПРИВЕТ™)
Беларусь,375,33,МТС
Беларусь,375,44,Velcom
Казахстан,7,72131,Абай (Карагандинская обл.)
Казахстан,7,72532,Абай (Южно-Казахстанской обл.)
Казахстан,7,71033,Агадырь (Карагандинская обл.)
Казахстан,7,72438,Айтеке Би (Кызылординская обл.)
Казахстан,7,72640,Ак Суек
Казахстан,7,71143,Акжаик (Западно-Казахстанская обл.)
Казахстан,7,72344,Акжар (Восточно-Казахстанская обл.)
Казахстан,7,71638,Акколь (Акмолинская обл.)
Казахстан,7,72641,Акколь (Жамбылская обл.)
Казахстан,7,71839,Акку (Павлодарская обл.)
Казахстан,7,71231,Аккыстау (Атырауская обл.)
Казахстан,7,71340,Акраб (Актюбинская обл.)
Казахстан,7,71133,Аксай (Западно-Казахстанская обл.)
Казахстан,7,71837,Аксу (Павлодарская обл.)
Казахстан,7,71031,Аксу - Аюлы (Карагандинская обл.)
Казахстан,7,72346,Аксуат (Восточно-Казахстанская обл.)
Казахстан,7,72531,Аксукент (Южно-Казахстанской обл.)
Казахстан,7,7292,Актау (Мангистауская обл.)
Казахстан,7,7132,Актобе (Актюбинская обл.)
Казахстан,7,71037,Актогай (Карагандинская обл.)
Казахстан,7,71841,Актогай (Павлодарская обл.)
Казахстан,7,72757,Акши (Алматинская обл.)
Казахстан,7,71337,Алга (Актюбинская обл.)
Казахстан,7,727,Алматы
Казахстан,7,71440,Амангельды (Костанайская обл.)
Казахстан,7,72330,Андреевка (Восточно-Казахстанская обл.)
Казахстан,7,72433,Аральск (Кызылординская обл.)
Казахстан,7,71430,Аркалык (Костанайская обл.)
Казахстан,7,71644,Аршалы (Акмолинская обл.)
Казахстан,7,72540,Арысь (Южно-Казахстанской обл.)
Казахстан,7,72633,Аса (Жамбылская обл.)
Казахстан,7,7172,Астана (Акмолинская обл.)
Казахстан,7,71641,Астраханка (Акмолинская обл.)
Казахстан,7,72542,Асыката (Южно-Казахстанской обл.)
Казахстан,7,71030,Атасу (Карагандинская обл.)
Казахстан,7,71643,Атбасар (Акмолинская обл.)
Казахстан,7,7122,Атырау
Казахстан,7,72237,Аягоз (Восточно-Казахстанской обл.)
Казахстан,7,71342,Бадамша (Актюбинская обл.)
Казахстан,7,72773,Баканас (Алматинская обл.)
Казахстан,7,71640,Балкашино (Акмолинская обл.)
Казахстан,7,72838,Балпык Би (Алматинская обл.)
Казахстан,7,71036,Балхаш (Карагандинская обл.)
Казахстан,7,72246,Баршатас (Восточно-Казахстанской обл.)
Казахстан,7,72635,Бауыржана Момышулы (Жамбылская обл.)
Казахстан,7,71840,Баянаул (Павлодарская обл.)
Казахстан,7,72932,Бейнеу (Мангистауская обл.)
Казахстан,7,72236,Бескарагай (Восточно-Казахстанской обл.)
Казахстан,7,71443,Боровской (Костанайская обл.)
Казахстан,7,72351,Бородулиха (Восточно-Казахстанская обл.)
Казахстан,7,72154,Ботакара (Карагандинская обл.)
Казахстан,7,71531,Булаево (Северо-Казахстанская обл.)
Казахстан,7,71630,Бурабай (Акмолинская обл.)
Казахстан,7,72138,Габидена Мустафина (Карагандинская обл.)
Казахстан,7,71233,Ганюшкино (Атырауская обл.)
Казахстан,7,72331,Глубокое (Восточно-Казахстанская обл.)
Казахстан,7,71131,Дарьинское (Западно-Казахстанская обл.)
Казахстан,7,71434,Денисовка (Костанайская обл.)
Казахстан,7,71648,Державинск (Акмолинская обл.)
Казахстан,7,71235,Доссор (Атырауская обл.)
Казахстан,7,71642,Егендыколь (Акмолинская обл.)
Казахстан,7,72147,Егиндыбулак (Карагандинская обл.)
Казахстан,7,71633,Ерейментау (Акмолинская обл.)
Казахстан,7,72775,Есик (Алматинская обл.)
Казахстан,7,71647,Есиль (Акмолинская обл.)
Казахстан,7,71043,"Жайрем, поселок (Карагандинская обл.)"
Казахстан,7,71040,Жайрем гок (Карагандинская обл.)
Казахстан,7,71635,Жаксы (Акмолинская обл.)
Казахстан,7,72431,Жалагаш (Кызылординская обл.)
Казахстан,7,71138,Жалпактал (Западно-Казахстанская обл.)
Казахстан,7,72435,Жанакорган (Кызылординская обл.)
Казахстан,7,72934,Жанаозен (Мангистауская обл.)
Казахстан,7,72634,Жанатас (Жамбылская обл.)
Казахстан,7,71141,Жангала (Западно-Казахстанская обл.)
Казахстан,7,71135,Жанибек (Западно-Казахстанская обл.)
Казахстан,7,72832,Жансугуров (Алматинская обл.)
Казахстан,7,72831,Жаркент (Алматинская обл.)
Казахстан,7,71042,Жарык (Карагандинская обл.)
Казахстан,7,71034,Жезды (Карагандинская обл.)
Казахстан,7,7102,Жезказган
Казахстан,7,71831,Железинка (Павлодарская обл.)
Казахстан,7,72935,Жетыбай (Мангистауская обл.)
Казахстан,7,72534,Жетысай (Южно-Казахстанской обл.)
Казахстан,7,71435,Житикара (Костанайская обл.)
Казахстан,7,72437,Жосалы (Кызылординская обл.)
Казахстан,7,71134,Жымпиты (Западно-Казахстанская обл.)
Казахстан,7,72340,Зайсан (Восточно-Казахстанская обл.)
Казахстан,7,71455,Затобольск (Костанайская обл.)
Казахстан,7,71632,Зеренда (Акмолинская обл.)
Казахстан,7,72335,Зыряновск (Восточно-Казахстанская обл.)
Казахстан,7,71234,Индерборский (Атырауская обл.)
Казахстан,7,71343,Иргиз (Актюбинская обл.)
Казахстан,7,71832,Иртышск (Павлодарская обл.)
Казахстан,7,72837,Кабанбай (Алматинская обл.)
Казахстан,7,71144,Казталовка (Западно-Казахстанская обл.)
Казахстан,7,72539,Казыгурт (Южно-Казахстанской обл.)
Казахстан,7,72256,Кайнар (Восточно-Казахстанской обл.)
Казахстан,7,72347,Калбатау (Восточно-Казахстанская обл.)
Казахстан,7,71437,Камысты (Костанайская обл.)
Казахстан,7,71333,Кандыагаш (Актюбинская обл.)
Казахстан,7,72841,Капал (Алматинская обл.)
Казахстан,7,72772,Капчагай (Алматинская обл.)
Казахстан,7,71441,Карабалык (Костанайская обл.)
Казахстан,7,72836,Карабулак (Алматинская обл.)
Казахстан,7,71339,Карабутак (Актюбинская обл.)
Казахстан,7,7212,Караганда
Казахстан,7,71032,Каражал (Карагандинская обл.)
Казахстан,7,71454,Караменды (Костанайская обл.)
Казахстан,7,71452,Карасу (Костанайская обл.)
Казахстан,7,72644,Каратау (Жамбылская обл.)
Казахстан,7,71145,Каратобе (Западно-Казахстанская обл.)
Казахстан,7,72252,Караул (Восточно-Казахстанской обл.)
Казахстан,7,71345,Караулкелды (Актюбинская обл.)
Казахстан,7,72146,Каркаралинск (Карагандинская обл.)
Казахстан,7,72771,Каскелен (Алматинская обл.)
Казахстан,7,72342,Катон - Карагай
Казахстан,7,71456,Качар (Костанайская обл.)
Казахстан,7,72777,Кеген (Алматинская обл.)
Казахстан,7,72536,Кентау (Южно-Казахстанской обл.)
Казахстан,7,72144,Киевка (Карагандинская обл.)
Казахстан,7,71542,Кишкенеколь (Северо-Казахстанская обл.)
Казахстан,7,72842,Когалы (Алматинская обл.)
Казахстан,7,72348,Кокпекты (Восточно-Казахстанская обл.)
Казахстан,7,71838,Коктобе (Павлодарская обл.)
Казахстан,7,72561,Коммерческая Сеть
Казахстан,7,71661,Коммерческая Сеть
Казахстан,7,71637,Коргалжын (Акмолинская обл.)
Казахстан,7,72636,Кордай (Жамбылская обл.)
Казахстан,7,7142,Костанай
Казахстан,7,7162,Красный Яр (Акмолинская обл.)
Казахстан,7,72631,Кулан (Жамбылская обл.)
Казахстан,7,71237,Кульсары (Атырауская обл.)
Казахстан,7,72251,Курчатов (Восточно-Казахстанской обл.)
Казахстан,7,72339,Курчум (Восточно-Казахстанская обл.)
Казахстан,7,72937,Курык (Мангистауская обл.)
Казахстан,7,71453,Кушмурум (Костанайская обл.)
Казахстан,7,7242,Кызылорда
Казахстан,7,72547,Ленгер (Южно-Казахстанской обл.)
Казахстан,7,71546,Ленинградское (Северо-Казахстанская обл.)
Казахстан,7,72843,Лепсы (Алматинская обл.)
Казахстан,7,71433,Лисаковск (Костанайская обл.)
Казахстан,7,72239,Маканчи (Восточно-Казахстанской обл.)
Казахстан,7,71239,Макат (Атырауская обл.)
Казахстан,7,71646,Макинск (Акмолинская обл.)
Казахстан,7,71541,Мамлютка (Северо-Казахстанская обл.)
Казахстан,7,71331,Мартук (Актюбинская обл.)
Казахстан,7,71236,Махамбет (Атырауская обл.)
Казахстан,7,72632,Мерке (Жамбылская обл.)
Казахстан,7,71238,Миялы (Атырауская обл.)
Казахстан,7,718235,Мойылды (Павлодарская обл.)
Казахстан,7,72642,Мойынкум (Жамбылская обл.)
Казахстан,7,72148,Молодежное (Карагандинская обл.)
Казахстан,7,72338,Молодежный (Восточно-Казахстанская обл.)
Казахстан,7,72779,Нарынкол (Алматинская обл.)
Казахстан,7,72353,Новая Шульба (Восточно-Казахстанская обл.)
Казахстан,7,71448,Октябрьское (Костанайская обл.)
Казахстан,7,72149,Осакаровка (Карагандинская обл.)
Казахстан,7,7272,Отеген Батыра (Алматинская обл.)
Казахстан,7,72752,Отеген Батыра (Алматинская обл.)
Казахстан,7,7182,Павлодар
Казахстан,7,71845,Павлодарский Район
Казахстан,7,71130,Переметное (Западно-Казахстанская обл.)
Казахстан,7,7152,Петропавловск Казахский
Казахстан,7,71544,Пресновка (Северо-Казахстанская обл.)
Казахстан,7,718455,Пресное (Павлодарская обл.)
Казахстан,7,71039,Приозерск (Карагандинская обл.)
Казахстан,7,71651,Приречное (Акмолинская обл.)
Казахстан,7,72336,Риддер (Восточно-Казахстанская обл.)
Казахстан,7,71431,Рудный (Костанайская обл.)
Казахстан,7,71535,Рузаевка (Северо-Казахстанская обл.)
Казахстан,7,71140,Сайхин (Западно-Казахстанская обл.)
Казахстан,7,72333,Самарское (Восточно-Казахстанская обл.)
Казахстан,7,72137,Сарань (Карагандинская обл.)
Казахстан,7,72839,Сарканд (Алматинская обл.)
Казахстан,7,72537,Сарыагаш (Южно-Казахстанской обл.)
Казахстан,7,72637,Сарыкемер (Жамбылская обл.)
Казахстан,7,71451,Сарыколь (Костанайская обл.)
Казахстан,7,72840,Сарыозек (Алматинская обл.)
Казахстан,7,71063,Сатпаев (Карагандинская обл.)
Казахстан,7,72639,Саудакент (Жамбылская обл.)
Казахстан,7,71533,Саумалколь (Северо-Казахстанская обл.)
Казахстан,7,7222,Семей
Казахстан,7,71534,Сергеевка (Северо-Казахстанская обл.)
Казахстан,7,72337,Серебрянск (Восточно-Казахстанская обл.)
Казахстан,7,72541,Славянка (Южно-Казахстанской обл.)
Казахстан,7,71532,Смирново (Северо-Казахстанская обл.)
Казахстан,7,71538,Соколовка (Северо-Казахстанская обл.)
Казахстан,7,760,Спутниковая Сеть
Казахстан,7,762,Спутниковая Сеть
Казахстан,7,71645,Степногорск (Акмолинская обл.)
Казахстан,7,71639,Степняк (Акмолинская обл.)
Казахстан,7,72334,Таврическое (Восточно-Казахстанская обл.)
Казахстан,7,71142,Тайпак (Западно-Казахстанская обл.)
Казахстан,7,72774,Талгар (Алматинская обл.)
Казахстан,7,7282,Талдыкорган
Казахстан,7,7262,Тараз
Казахстан,7,71436,Тарановское (Костанайская обл.)
Казахстан,7,71139,Таскала (Западно-Казахстанская обл.)
Казахстан,7,72835,Текели (Алматинская обл.)
Казахстан,7,72530,Темирлановка (Южно-Казахстанской обл.)
Казахстан,7,7213,Темиртау (Карагандинская обл.)
Казахстан,7,71230,Тенгиз (Атырауская обл.)
Казахстан,7,72343,Теректы (Восточно-Казахстанская обл.)
Казахстан,7,71833,Теренколь (Павлодарская обл.)
Казахстан,7,72436,Теренозек (Кызылординская обл.)
Казахстан,7,71537,Тимирязево (Северо-Казахстанская обл.)
Казахстан,7,72638,Толе Би (Жамбылская обл.)
Казахстан,7,72153,Топар (Карагандинская обл.)
Казахстан,7,71439,Торгай (Костанайская обл.)
Казахстан,7,72538,Турара Рыскулова (Южно-Казахстанской обл.)
Казахстан,7,72533,Туркестан (Южно-Казахстанской обл.)
Казахстан,7,71445,Убаганское (Костанайская обл.)
Казахстан,7,71444,Узунколь (Костанайская обл.)
Казахстан,7,72770,Узынагаш (Алматинская обл.)
Казахстан,7,71332,Уил (Актюбинская обл.)
Казахстан,7,72341,Улкен Нарын (Восточно-Казахстанская обл.)
Казахстан,7,71035,Улытау (Карагандинская обл.)
Казахстан,7,7112,Уральск
Казахстан,7,72230,Урджар (Восточно-Казахстанской обл.)
Казахстан,7,71834,Успенка (Павлодарская обл.)
Казахстан,7,7232,Усть-Каменогорск
Казахстан,7,72833,Ушарал (Алматинская обл.)
Казахстан,7,72834,Уштобе (Алматинская обл.)
Казахстан,7,71132,Федоровка (Западно-Казахстанская обл.)
Казахстан,7,71442,Федоровка (Костанайская обл.)
Казахстан,7,763,Фиксированная Связь
Казахстан,7,764,Фиксированная Связь
Казахстан,7,72938,Форт Шевченко (Мангистауская обл.)
Казахстан,7,71341,Хобда (Актюбинская обл.)
Казахстан,7,71336,Хромтау (Актюбинская обл.)
Казахстан,7,71136,Чапаев (Западно-Казахстанская обл.)
Казахстан,7,71137,Чингирлау (Западно-Казахстанская обл.)
Казахстан,7,71536,Чкалово (Северо-Казахстанская обл.)
Казахстан,7,72778,Чунджа (Алматинская обл.)
Казахстан,7,71335,Шалкар (Актюбинская обл.)
Казахстан,7,72345,Шар (Восточно-Казахстанская обл.)
Казахстан,7,71836,Шарбакты (Павлодарская обл.)
Казахстан,7,72535,Шардара (Южно-Казахстанской обл.)
Казахстан,7,72544,Шаульдер (Южно-Казахстанской обл.)
Казахстан,7,72156,Шахтинск (Карагандинская обл.)
Казахстан,7,71038,Шашубай (Карагандинская обл.)
Казахстан,7,72548,Шаян (Южно-Казахстанской обл.)
Казахстан,7,72776,Шелек (Алматинская обл.)
Казахстан,7,72332,Шемонаиха (Восточно-Казахстанская обл.)
Казахстан,7,72931,Шетпе (Мангистауская обл.)
Казахстан,7,72432,Шиели (Кызылординская обл.)
Казахстан,7,72546,Шолаккорган (Южно-Казахстанской обл.)
Казахстан,7,71631,Шортанды (Акмолинская обл.)
Казахстан,7,72643,Шу (Жамбылская обл.)
Казахстан,7,71346,Шубаркудук (Актюбинская обл.)
Казахстан,7,72257,Шульбинск (Восточно-Казахстанской обл.)
Казахстан,7,7252,Шымкент
Казахстан,7,71636,Щучинск (Акмолинская обл.)
Казахстан,7,7187,Экибастуз (Павлодарская обл.)
Казахстан,7,71334,Эмба (Актюбинская обл.)
Казахстан,7,71543,Явленка (Восточно-Казахстанская обл.)
Казахстан,7,700,АЛТЕЛ
Казахстан,7,701,Кселл
Казахстан,7,702,Кселл
Казахстан,7,705,ТОО «КаР-Тел»
Казахстан,7,707,ТОО «Мобайл Телеком-Сервис» (Tele2)
Казахстан,7,708,АЛТЕЛ
Казахстан,7,747,ТОО «Мобайл Телеком-Сервис» (Tele2)
Казахстан,7,750,АО «Казахтелеком» (коммутируемый доступ)
Казахстан,7,751,АО «Казахтелеком» (передача данных)
Казахстан,7,760,АО «Казахтелеком» (Спутниковая сеть Кулан)
Казахстан,7,761,АО «Казахтелеком»
Казахстан,7,762,АО «NURSAT»
Казахстан,7,763,АО «Арна»
Казахстан,7,764,АО «2 Day Telecom»
Казахстан,7,771,ТОО «КаР-Тел»
Казахстан,7,775,Кселл
Казахстан,7,776,ТОО «КаР-Тел»
Казахстан,7,777,ТОО «КаР-Тел»
Казахстан,7,778,Кселл
Молдова,373,94,Moldcell GSM Networks
Молдова,373,95,Moldcell GSM Networks
Молдова,373,91,Voxtel GSM Networks
Молдова,373,92,Voxtel GSM Networks
Молдова,373,65,Анений Ной // Anenii Noi
Молдова,373,67,Басарабяска // Basarabeasca
Молдова,373,31,Бельцы // Balti
Молдова,373,32,Бендеры // Bender
Молдова,373,47,Бричень // Briceni
Молдова,373,30,Васкауц
Молдова,373,30,Вертюжень
Молдова,373,53,Вулканешты // Vulcanesti
Молдова,373,49,Глодень // Glodeniy
Молдова,373,40,Григориополь // Grigoriopol
Молдова,373,79,Днестровск // Dnestrovsc
Молдова,373,51,Дондушень // Donduseni
Молдова,373,52,Дрокия // Drokia
Молдова,373,45,Дубэсарь // Dubasari
Молдова,373,46,Единец // Edinet
Молдова,373,30,Жапка
Молдова,373,30,Залучень
Молдова,373,66,Каменка // Camenca
Молдова,373,73,Кантемир // Cantemir
Молдова,373,39,Кахул // Cahul
Молдова,373,2,Кишинэу // Chisinau
Молдова,373,38,Комрат // Comrat
Молдова,373,48,Криулень // Criuleni
Молдова,373,30,Кунича
Молдова,373,77,Кэинарь // Cainari
Молдова,373,44,Кэлэраши // Calarasi
Молдова,373,43,Кэушени // Causeni
Молдова,373,63,Леова // Leova
Молдова,373,30,Нападово
Молдова,373,30,Немировка
Молдова,373,30,Нижние Кухурешты
Молдова,373,64,Ниспорень // Nisporeni
Молдова,373,71,Окница // Ocnita
Молдова,373,35,Орхей // Orhei
Молдова,373,30,Приднестровск
Молдова,373,54,Резина // Rezina
Молдова,373,55,Рыбница // Ribnitsa
Молдова,373,56,Рышкань // Riscani
Молдова,373,30,Сенатовка
Молдова,373,57,Слобозия // Slobozia
Молдова,373,30,Сорока // Soroka
Молдова,373,37,Стрэшень // Straseni
Молдова,373,62,Сынжерей // Singerei
Молдова,373,74,Тараклия // Taraclia
Молдова,373,58,Теленешть // Telenesti
Молдова,373,30,Темелеуц
Молдова,373,33,Тирасполь // Tiraspol
Молдова,373,36,Унгены // Ungheni
Молдова,373,59,Фалешты // Falesti
Молдова,373,50,Флорешты // Floresti
Молдова,373,34,Хынчешть // Hyncesty
Молдова,373,61,Чадыр-Лунга // Chadyr-Lunga
Молдова,373,30,Черлина
Молдова,373,41,Чимишлия // Cimislia
Молдова,373,72,Шолдэнешть // Soldanesti
Молдова,373,42,Штефан-Водэ // Stefan-Voda
Молдова,373,68,Яловень // Ialoveni
Таджикистан,992,34453,Ашт
Таджикистан,992,3245,Бохтар
Таджикистан,992,34445,Бустон
Таджикистан,992,32460,Вахш
Таджикистан,992,3311,Восе
Таджикистан,992,34464,Ганчи
Таджикистан,992,3131,Гарм
Таджикистан,992,34442,Гафуров
Таджикистан,992,3139,Гиссар
Таджикистан,992,3242,Гозималик
Таджикистан,992,3312,Дангара
Таджикистан,992,3455,Джабаррасулов
Таджикистан,992,3248,Джиликуль
Таджикистан,992,3132,Джиргиталь
Таджикистан,992,372,Душанбе (Душанбинская зона) // Dushanbe
Таджикистан,992,34452,Зафарабад
Таджикистан,992,3454,Истаравшан
Таджикистан,992,3462,Исфара
Таджикистан,992,3251,Кабадиён
Таджикистан,992,3443,Кайраккум
Таджикистан,992,3467,Канибадам
Таджикистан,992,3247,Колхозабад
Таджикистан,992,3136,Кофарнихон
Таджикистан,992,3322,Куляб (Кулябская зона) // Kulyab
Таджикистан,992,3249,Кумсангир
Таджикистан,992,3222,Курган-Тюбе (Курган-тюбинская зона) // Kurgan Tyube
Таджикистан,992,3137,Ленинский
Таджикистан,992,3445,Матчинский (ц.Бустон)
Таджикистан,992,33150,Московский
Таджикистан,992,3318,Муминабад
Таджикистан,992,34441,Нау
Таджикистан,992,3138,Нурек
Таджикистан,992,3316,Пархар
Таджикистан,992,3475,Пенджикент
Таджикистан,992,32520,Пяндж
Таджикистан,992,3314,Советский
Таджикистан,992,34465,Табошар
Таджикистан,992,3130,Турсун-заде
Таджикистан,992,3135,Файзабад
Таджикистан,992,331700,Ховалинг
Таджикистан,992,32430,Ходжамастон
Таджикистан,992,3442,Ходженский
Таджикистан,992,35220,Хорог (Горно-Бадахшанская область) // Khorog
Таджикистан,992,3422,Худжанд (Согдийская обл.) // Khojend
Таджикистан,992,3451,Чкаловск
Таджикистан,992,3240,Шаартуз
Таджикистан,992,3155,Шахринав
Таджикистан,992,3141,Яван
Туркменистан,993,663,Mob.GSM-900 Barash Com.Tech.
Туркменистан,993,344,Акдепе (Дашогузская обл.) // Akdepe
Туркменистан,993,444,Атамурат
Туркменистан,993,12,Ашгабат // Ashgabat
Туркменистан,993,136,Бабадайхан (Ахалская обл.) // Babadaykhan
Туркменистан,993,564,Байрамали (Марыйская обл.) // Bayramaly
Туркменистан,993,222,Балканабат
Туркменистан,993,131,Бахерден (Ахалская обл.) // Bakherden
Туркменистан,993,247,Берекет
Туркменистан,993,346,Болдумсаз (Дашогузская обл.) // Boldumsaz
Туркменистан,993,138,Бюзмейин (Ахалская обл.) // Buzmeyin
Туркменистан,993,443,Гарабекевюл (Лебапская обл.) // Garabekevul
Туркменистан,993,248,Гаррыгала (Балканская обл.) // Garrygala
Туркменистан,993,132,Гекдепе (Ахалская обл.) // Gekdepe
Туркменистан,993,345,Губадаг (Дашогузская обл.) // Gubadag
Туркменистан,993,12336,Гыпчак (Ахалская обл.) // Gypchak
Туркменистан,993,445,Дарганата (Лебапская обл.) // Darganata
Туркменистан,993,322,Дашогуз (Дашогузская обл.) // Dashoguz
Туркменистан,993,446,Дянев (Лебапская обл.) // Dianev
Туркменистан,993,560,Елотен (Марыйская обл.) // Yeloten
Туркменистан,993,349,Имени Туркменбаши (Дашогузская обл.) // v.Turkmenbashi
Туркменистан,993,343,Йльянлы (Дашогузская обл.) // Yilyanly
Туркменистан,993,133,Кака (Ахалская обл.) // Kaka
Туркменистан,993,347,Кенеургенч (Дашогузская обл.) // Keneurgench
Туркменистан,993,440,Койтендаг
Туркменистан,993,522,Мары (Марыйская обл.) // Mary
Туркменистан,993,565,Мургап (Марыйская обл.) // Murgap
Туркменистан,993,348,Ниязовск (Дашогузская обл.) // Niyazovsk
Туркменистан,993,449,Сакар (Лебапская обл.) // Sakar
Туркменистан,993,566,Сакар-Чяга (Марыйская обл.) // Sakarchaga
Туркменистан,993,447,Саят (Лебапская обл.) // Sayat
Туркменистан,993,461,Сейди (Лебапская обл.) // Seidi
Туркменистан,993,134,Серахс (Ахалская обл.) // Serakhs
Туркменистан,993,246,Сердар
Туркменистан,993,561,Серхетабат
Туркменистан,993,340,Тагта (Дашогузская обл.) // Tagta
Туркменистан,993,568,Тагтабазар (Марыйская обл.) // Tagtabazar
Туркменистан,993,135,Теджен (Ахалская обл.) // Tegjen
Туркменистан,993,422,Туркменабад (Лебапская обл.) // Turkmenabat
Туркменистан,993,243,Туркменбаши (Балканская обл.) // Turkmenbashi
Туркменистан,993,569,Туркменгала (Марыйская обл.) // Turkmengala
Туркменистан,993,448,Фарап (Лебапская обл.) // Farap
Туркменистан,993,240,Хазар
Туркменистан,993,441,Халач (Лебапская обл.) // Khalach
Туркменистан,993,442,Ходжамбаз (Лебапская обл.) // Khodjambaz
Туркменистан,993,137,Энев (Ахалская обл.) // Enev
Туркменистан,993,245,Эсингулы (Балканская обл.) // Esenguly
Туркменистан,993,242,Этрек
Узбекистан,998,91105,Mob. Бузтел
Узбекистан,998,91106,Mob. Бузтел
Узбекистан,998,71120,Mob. Бузтон
Узбекистан,998,66183,Mob. Коском
Узбекистан,998,66236,Mob. Коском
Узбекистан,998,93180,Mob. Коском
Узбекистан,998,93180,Mob. Коском
Узбекистан,998,93181,Mob. Коском
Узбекистан,998,93181,Mob. Коском
Узбекистан,998,93182,Mob. Коском
Узбекистан,998,93183,Mob. Коском
Узбекистан,998,98126,Mob. Рубикон
Узбекистан,998,61221,Mob. Уздунробита
Узбекистан,998,62221,Mob. Уздунробита
Узбекистан,998,65227,Mob. Уздунробита
Узбекистан,998,66238,Mob. Уздунробита
Узбекистан,998,67224,Mob. Уздунробита
Узбекистан,998,692212,Mob. Уздунробита
Узбекистан,998,692213,Mob. Уздунробита
Узбекистан,998,71604,Mob. Уздунробита
Узбекистан,998,71616,Mob. Уздунробита
Узбекистан,998,716692,Mob. Уздунробита
Узбекистан,998,717169,Mob. Уздунробита
Узбекистан,998,722279,Mob. Уздунробита
Узбекистан,998,73221,Mob. Уздунробита
Узбекистан,998,73557,Mob. Уздунробита
Узбекистан,998,74229,Mob. Уздунробита
Узбекистан,998,75222,Mob. Уздунробита
Узбекистан,998,762229,Mob. Уздунробита
Узбекистан,998,792225,Mob. Уздунробита
Узбекистан,998,97130,Mob. Уздунробита
Узбекистан,998,97131,Mob. Уздунробита
Узбекистан,998,97230,Mob. Уздунробита
Узбекистан,998,97231,Mob. Уздунробита
Узбекистан,998,92100,Mob. Узмаком
Узбекистан,998,92101,Mob. Узмаком
Узбекистан,998,92104,Mob. Узмаком
Узбекистан,998,90185,Mob.ДЭУ сент.пейджинг
Узбекистан,998,90186,Mob.ДЭУ сент.пейджинг
Узбекистан,998,90187,Mob.ДЭУ сент.пейджинг
Узбекистан,998,90188,Mob.ДЭУ сент.пейджинг
Узбекистан,998,90701,Mob.ДЭУ сент.пейджинг
Узбекистан,998,90702,Mob.ДЭУ сент.пейджинг
Узбекистан,998,90703,Mob.ДЭУ сент.пейджинг
Узбекистан,998,90706,Mob.ДЭУ сент.пейджинг
Узбекистан,998,90707,Mob.ДЭУ сент.пейджинг
Узбекистан,998,90718,Mob.ДЭУ сент.пейджинг
Узбекистан,998,74,Акалтын (Андижанская обл.) // Akaltin
Узбекистан,998,71,Аккурган (Ташкентская обл.) // Akkurgan
Узбекистан,998,61,Акмангит (Каракалпакская обл.) // Akmangit
Узбекистан,998,66,Акташ (Самаркандская обл.) // Aktash
Узбекистан,998,65,Алат (Бухарская обл.) // Alat
Узбекистан,998,71,Алмалык (Ташкентская обл.) // Almalyk
Узбекистан,998,73,Алтыарык (Ферганская обл.) // Altyarik
Узбекистан,998,74,Алтынкуль (Андижанская обл.) // Altynkul
Узбекистан,998,76,Ангор (Сурхандарьинская обл.) // Angor
Узбекистан,998,71,Ангрен (Ташкентская обл.) // Angren
Узбекистан,998,74,Андижан (Андижанская обл.) // Andijan
Узбекистан,998,74,Асака (Андижанская обл.) // Asaka
Узбекистан,998,71,Ахангаран (Ташкентская обл.) // Akhangaran
Узбекистан,998,74,Ахунбабаев (Андижанская обл.) // Ahunbabaev
Узбекистан,998,62,Багат (Хорезмская обл.) // Bagat
Узбекистан,998,73,Багдад (Ферганская обл.) // Bagdad
Узбекистан,998,76,Байсун (Сурхандарьинская обл.) // Baisun
Узбекистан,998,74,Балыкчи (Андижанская обл.) // Balikchi
Узбекистан,998,67,Бахт
Узбекистан,998,71,Бекабад (Ташкентская обл.) // Bekabad
Узбекистан,998,61,Беруни (Каракалпакская обл.) // Beruni
Узбекистан,998,73,Бешарык (Ферганская обл.) // Besharik
Узбекистан,998,75,Бешкент (Кашкадарьинская обл.) // Beshkent
Узбекистан,998,79,Бешрабат (Навоийская обл.) // Beshrabot
Узбекистан,998,67,Боевут
Узбекистан,998,74,Боз (Андижанская обл.) // Boz
Узбекистан,998,71,Бука (Ташкентская обл.) // Buka
Узбекистан,998,66,Булунгур (Самаркандская обл.) // Bulungur
Узбекистан,998,61,Бустан (Каракалпакская обл.) // Bustan
Узбекистан,998,65,Бухара (Бухарская обл.) // Bukhara
Узбекистан,998,65,Вабкент (Бухарская обл.) // Vabkent
Узбекистан,998,73,Вуадиль (Ферганская обл.) // Vuadil
Узбекистан,998,72,Гагарин (Джизакская обл.) // Gagarin
Узбекистан,998,71,Газалкент (Ташкентская обл.) // Gazalkent
Узбекистан,998,65,Газли
Узбекистан,998,65,Галаасия (Бухарская обл.) // Galaasia
Узбекистан,998,72,Галляарал (Джизакская обл.) // Galliaaral
Узбекистан,998,65,Гиждуван (Бухарская обл.) // Gizhduvan
Узбекистан,998,66,Гузалкент (Самаркандская обл.) // Guzalkent
Узбекистан,998,75,Гузар (Кашкадарьинская обл.) // Guzar
Узбекистан,998,66,Гулабад
Узбекистан,998,67,Гулистан (Сырдарьинская обл.) // Gulistan
Узбекистан,998,71,Гульбахор (Ташкентская обл.) // Gulbakhor
Узбекистан,998,62,Гурлен (Хорезмская обл.) // Gurlen
Узбекистан,998,73,Дангара (Ферганская обл.) // Dangara
Узбекистан,998,76,Денау (Сурхандарьинская обл.) // Denau
Узбекистан,998,67,Дехканабад (Сырдарьинская обл.) // Dekhkanabad
Узбекистан,998,66,Джамбай (Самаркандская обл.) // Djambai
Узбекистан,998,76,Джаркурган (Сурхандарьинская обл.) // Djarkurgan
Узбекистан,998,72,Джизак (Джизакская обл.) // Djizak
Узбекистан,998,66,Джума (Самаркандская обл.) // Djuma
Узбекистан,998,69,Джумашуй (Наманганская обл.) // Djumashui
Узбекистан,998,71,Достабад (Ташкентская обл.) // Dostabad
Узбекистан,998,72,Дустлик (Джизакская обл.) // Dustlik
Узбекистан,998,65,Жондор (Бухарская обл.) // Jondor
Узбекистан,998,72,Заамин (Джизакская обл.) // Zaamin
Узбекистан,998,79,Зарафшан (Навоийская обл.) // Zarafshan
Узбекистан,998,72,Зарбдар
Узбекистан,998,71,Зафар (Ташкентская обл.) // Zafar
Узбекистан,998,66,Зиадин (Самаркандская обл.) // Ziadin
Узбекистан,998,66,Иштыхан (Самаркандская обл.) // Ishtikhan
Узбекистан,998,65,Каган (Бухарская обл.) // Kagan
Узбекистан,998,75,Камаши (Кашкадарьинская обл.) // Kamashi
Узбекистан,998,79,Канимех (Навоийская обл.) // Kanimeh
Узбекистан,998,61,Канлыколь (Каракалпакская обл.) // Kanlikol
Узбекистан,998,65,Каракуль (Бухарская обл.) // Karakul
Узбекистан,998,61,Караузяк (Каракалпакская обл.) // Karauziak
Узбекистан,998,62,Караул (Хорезмская обл.) // Karaul
Узбекистан,998,75,Карашина
Узбекистан,998,76,Карлук
Узбекистан,998,79,Кармана (Навоийская обл.) // Karmana
Узбекистан,998,75,Карши (Кашкадарьинская обл.) // Karshi
Узбекистан,998,75,Касан (Кашкадарьинская обл.) // Kasan
Узбекистан,998,69,Касансай (Наманганская обл.) // Kasansai
Узбекистан,998,75,Касби (Кашкадарьинская обл.) // Kasbi
Узбекистан,998,66,Каттакурган (Самаркандская обл.) // Kattakurgan
Узбекистан,998,67,Кахраман
Узбекистан,998,61,Кегейли (Каракалпакская обл.) // Kegeili
Узбекистан,998,71,Келес (Ташкентская обл.) // Keles
Узбекистан,998,71,Кибрай (Ташкентская обл.) // Kibrai
Узбекистан,998,75,Китаб (Кашкадарьинская обл.) // Kitab
Узбекистан,998,73,Коканд (Ферганская обл.) // Kokand
Узбекистан,998,62,Кошкупыр (Хорезмская обл.) // Koshkupur
Узбекистан,998,66,Кошрабад
Узбекистан,998,71,Красногорск (Ташкентская обл.) // Krasnogorsk
Узбекистан,998,73,Кува (Ферганская обл.) // Kuva
Узбекистан,998,73,Кувасай (Ферганская обл.) // Kuvasai
Узбекистан,998,74,Куйганяр (Андижанская обл.) // Kuiganiar
Узбекистан,998,76,Кумкурган (Сурхандарьинская обл.) // Kumkurgan
Узбекистан,998,61,Кунград (Каракалпакская обл.) // Kungrad
Узбекистан,998,74,Кургантепа (Андижанская обл.) // Kurgan-Tepa
Узбекистан,998,79,Кызылтепа (Навоийская обл.) // Kiziltepa
Узбекистан,998,66,Лаиш (Самаркандская обл.) // Laish
Узбекистан,998,73,Лангар (Ферганская обл.) // Langar
Узбекистан,998,61,Мангит (Каракалпакская обл.) // Mangit
Узбекистан,998,73,Маргилан (Ферганская обл.) // Margilon
Узбекистан,998,74,Мархамат (Андижанская обл.) // Marhamat
Узбекистан,998,75,Мубарек (Кашкадарьинская обл.) // Mubarek
Узбекистан,998,79,Навои (Навоийская обл.) // Navoi
Узбекистан,998,67,Навруз (Сырдарьинская обл.) // Navruz
Узбекистан,998,69,Наманган (Наманганская обл.) // Namangan
Узбекистан,998,61,Нукус (Каракалпакская обл.) // Nukus
Узбекистан,998,66,Нурабад
Узбекистан,998,79,Нурата
Узбекистан,998,66,Пайарык
Узбекистан,998,74,Пайтуг (Андижанская обл.) // Paitug
Узбекистан,998,66,Пайшанба (Самаркандская обл.) // Paishanba
Узбекистан,998,75,Памук
Узбекистан,998,69,Пап (Наманганская обл.) // Pap
Узбекистан,998,71,Паркент (Ташкентская обл.) // Parkent
Узбекистан,998,74,Пахтаабад (Андижанская обл.) // Pakhtaabad
Узбекистан,998,67,Пахтаабад (Сырдарьинская обл.) // Pakhtaabad
Узбекистан,998,72,Пахтакор
Узбекистан,998,62,Питняк
Узбекистан,998,71,Пскент (Ташкентская обл.) // Pskent
Узбекистан,998,73,Риштан (Ферганская обл.) // Rishtan
Узбекистан,998,65,Ромитан (Бухарская обл.) // Romitan
Узбекистан,998,67,Сайхун (Сырдарьинская обл.) // Saikhun
Узбекистан,998,66,Самарканд (Самаркандская обл.) // Samarkand
Узбекистан,998,67,Сардоба (Сырдарьинская обл.) // Sardoba
Узбекистан,998,76,Сариассия
Узбекистан,998,76,Сарык (Сурхандарьинская обл.) // Sarik
Узбекистан,998,67,Сырдарья (Сырдарьинская обл.) // Sirdaria
Узбекистан,998,66,Тайлак
Узбекистан,998,75,Талимарджан
Узбекистан,998,79,Тамдыбулак
Узбекистан,998,61,Тахиаташ (Каракалпакская обл.) // Takhiatash
Узбекистан,998,61,Тахтакупыр (Каракалпакская обл.) // Takhtakupur
Узбекистан,998,69,Ташбулак (Наманганская обл.) // Tashbulak
Узбекистан,998,71,Ташкент (Ташкентская обл.) // Tashkent
Узбекистан,998,73,Ташлак (Ферганская обл.) // Tashlak
Узбекистан,998,76,Термез (Сурхандарьинская обл.) // Termez
Узбекистан,998,71,Тойтепа (Ташкентская обл.) // Toitepa
Узбекистан,998,69,Туракурган (Наманганская обл.) // Turakurgan
Узбекистан,998,61,Турткуль (Каракалпакская обл.) // Turkul
Узбекистан,998,76,Узун (Сурхандарьинская обл.) // Uzun
Узбекистан,998,69,Уйчи (Наманганская обл.) // Uichi
Узбекистан,998,62,Ургенч (Хорезмская обл.) // Urgench
Узбекистан,998,66,Ургут (Самаркандская обл.) // Urgut
Узбекистан,998,72,Усмат (Джизакская обл.) // Usmat
Узбекистан,998,73,Учкуприк (Ферганская обл.) // Uchkuprik
Узбекистан,998,69,Учкурган (Наманганская обл.) // Uchkurgan
Узбекистан,998,76,Учкызыл (Сурхандарьинская обл.) // Uchkizil
Узбекистан,998,67,Фархад (Сырдарьинская обл.) // Farkhad
Узбекистан,998,73,Фергана (Ферганская обл.) // Fergana
Узбекистан,998,62,Хазарасп (Хорезмская обл.) // Khazarasp
Узбекистан,998,69,Хаккулабад (Наманганская обл.) // Khakkulabad
Узбекистан,998,76,Халкабад (Сурхандарьинская обл.) // Khalkabad
Узбекистан,998,74,Ханабад (Андижанская обл.) // Khanabad
Узбекистан,998,62,Ханка (Хорезмская обл.) // Khanki
Узбекистан,998,71,Хасково
Узбекистан,998,62,Хива (Хорезмская обл.) // Khiva
Узбекистан,998,74,Ходжаабад (Андижанская обл.) // Khodjaabad
Узбекистан,998,61,Ходжейли (Каракалпакская обл.) // Khodzzhheili
Узбекистан,998,69,Чартак (Наманганская обл.) // Chartak
Узбекистан,998,66,Челек
Узбекистан,998,61,Чимбай (Каракалпакская обл.) // Chimbai
Узбекистан,998,71,Чиназ (Ташкентская обл.) // Chinaz
Узбекистан,998,75,Чиракчи (Кашкадарьинская обл.) // Chirakchi
Узбекистан,998,71,Чирчик (Ташкентская обл.) // Chirchik
Узбекистан,998,69,Чуст (Наманганская обл.) // Chust
Узбекистан,998,62,Шават (Хорезмская обл.) // Shavat
Узбекистан,998,65,Шафиркан (Бухарская обл.) // Shafirkan
Узбекистан,998,75,Шахрисабз (Кашкадарьинская обл.) // Shakhrisabs
Узбекистан,998,74,Шахрихан (Андижанская обл.) // Shakhrikhan
Узбекистан,998,76,Шерабад (Сурхандарьинская обл.) // Sherabad
Узбекистан,998,67,Ширин (Сырдарьинская обл.) // Shirin
Узбекистан,998,61,Шуманай (Каракалпакская обл.) // Shumanai
Узбекистан,998,76,Шурчи (Сурхандарьинская обл.) // Shurchi
Узбекистан,998,71,Эшангузар (Ташкентская обл.) // Jshanguzar
Узбекистан,998,73,Язъяван (Ферганская обл.) // Jaz`Javan
Узбекистан,998,73,Яйпан (Ферганская обл.) // Jaipan
Узбекистан,998,75,Яккабаг (Кашкадарьинская обл.) // Jakkabag
Узбекистан,998,71,Янгиабад (Ташкентская обл.) // Jangiabad
Узбекистан,998,62,Янгиарык (Хорезмская обл.) // Janguarik
Узбекистан,998,65,Янгибазар (Бухарская обл.) // Jangibazar
Узбекистан,998,71,Янгибазар (Ташкентская обл.) // Jangibazar
Узбекистан,998,62,Янгибазар (Хорезмская обл.) // Jangibazar
Узбекистан,998,67,Янгиер (Сырдарьинская обл.) // Jangier
Узбекистан,998,72,Янгикишлак
Узбекистан,998,69,Янгикурган (Наманганская обл.) // Jangikurgan
Узбекистан,998,73,Янгикурган (Ферганская обл.) // Jangikurgan
Узбекистан,998,75,Янги-Миришкор (Кашкадарьинская обл.) // Jangi-Mirishkhor
Узбекистан,998,75,Янги-Нишан (Кашкадарьинская обл.) // Jangi-Nishan
Узбекистан,998,79,Янгирабад (Навоийская обл.) // Jngirabad
Узбекистан,998,71,Янгиюль (Ташкентская обл.) // Jangijul
Украина,380,6131,Акимовка  (Запорожская обл.)
Украина,380,5235,Александрия  (Кировоградская обл.)
Украина,380,6269,Александровка  (Донецкая обл.)
Украина,380,5242,Александровка  (Кировоградская обл.)
Украина,380,6442,Алчевск  (Луганская обл.)
Украина,380,6259,Амвросиевка  (Донецкая обл.)
Украина,380,4863,Ананьев  (Одесская обл.)
Украина,380,6153,Андреевка  (Запорожская обл.)
Украина,380,4136,Андрушевка  (Житомирская обл.)
Украина,380,6431,Антрацит  (Луганская обл.)
Украина,380,5656,Апостолово  (Днепропетровская обл.)
Украина,380,5132,Арбузинка  (Николаевская обл.)
Украина,380,627,Артемовск  (Донецкая обл.)
Украина,380,6274,Артемовск  (Донецкая обл.)
Украина,380,4845,Арциз  (Одесская обл.)
Украина,380,5446,Ахтырка  (Сумская обл.)
Украина,380,5749,Балаклея  (Харьковская обл.)
Украина,380,4866,Балта  (Одесская обл.)
Украина,380,4341,Бар  (Винницкая обл.)
Украина,380,4144,Барановка  (Житомирская обл.)
Украина,380,5757,Барвенково  (Харьковская обл.)
Украина,380,4576,Барышевка  (Киевская обл.)
Украина,380,4635,Бахмач  (Черниговская обл.)
Украина,380,5158,Баштанка  (Николаевская обл.)
Украина,380,4132,Белая Крыница  (Житомирская обл.)
Украина,380,456,Белая Церковь  (Киевская обл.)
Украина,380,6466,Беловодск  (Луганская обл.)
Украина,380,5547,Белозерка  (Херсонская обл.)
Украина,380,6462,Белокуракино  (Луганская обл.)
Украина,380,5443,Белополье  (Сумская обл.)
Украина,380,4852,Беляевка  (Одесская обл.)
Украина,380,4143,Бердичев  (Житомирская обл.)
Украина,380,3141,Берегово  (Закарпатская обл.)
Украина,380,3548,Бережаны  (Тернопольская обл.)
Украина,380,5153,Березанка  (Николаевская обл.)
Украина,380,5168,Березнеговатое  (Николаевская обл.)
Украина,380,3653,Березно  (Ровенская обл.)
Украина,380,4856,Березовка  (Одесская обл.)
Украина,380,5546,Берислав  (Херсонская обл.)
Украина,380,4352,Бершадь  (Винницкая обл.)
Украина,380,5754,Близнюки  (Харьковская обл.)
Украина,380,5257,Бобринец  (Кировоградская обл.)
Украина,380,4632,Бобровица  (Черниговская обл.)
Украина,380,5758,Богодухов  (Харьковская обл.)
Украина,380,3471,Богородчаны  (Ивано-Франковская обл.)
Украина,380,4561,Богуслав  (Киевская обл.)
Украина,380,4846,Болград  (Одесская обл.)
Украина,380,3437,Болехов  (Ивано-Франковская обл.)
Украина,380,4653,Борзна  (Черниговская обл.)
Украина,380,3248,Борислав  (Львовская обл.)
Украина,380,4595,Борисполь  (Киевская обл.)
Украина,380,5759,Боровая  (Харьковская обл.)
Украина,380,3541,Борщев  (Тернопольская обл.)
Украина,380,5131,Братское  (Николаевская обл.)
Украина,380,4331,Брацлав  (Винницкая обл.)
Украина,380,3266,Броды  (Львовская обл.)
Украина,380,4141,Броницка  (Житомирская обл.)
Украина,380,4162,Брусилов  (Житомирская обл.)
Украина,380,6443,Брянка  (Луганская обл.)
Украина,380,3438,Бурштын  (Ивано-Франковская обл.)
Украина,380,5454,Бурынь  (Сумская обл.)
Украина,380,3264,Буск  (Львовская обл.)
Украина,380,3544,Бучач  (Тернопольская обл.)
Украина,380,5753,Валки  (Харьковская обл.)
Украина,380,4350,Вапнярка  (Винницкая обл.)
Украина,380,4636,Варва  (Черниговская обл.)
Украина,380,6175,Васильевка  (Запорожская обл.)
Украина,380,4571,Васильков  (Киевская обл.)
Украина,380,5639,Васильковка  (Днепропетровская обл.)
Украина,380,572,Васищево  (Харьковская обл.)
Украина,380,5746,Введенка  (Харьковская обл.)
Украина,380,5532,Великая Александровка  (Херсонская обл.)
Украина,380,5345,Великая Багачка  (Полтавская обл.)
Украина,380,6156,Великая Белозерка  (Запорожская обл.)
Украина,380,5543,Великая Лепетиха  (Херсонская обл.)
Украина,380,4859,Великая Михайловка  (Одесская обл.)
Украина,380,6243,Великая Новоселка  (Донецкая обл.)
Украина,380,5457,Великая Писаревка  (Сумская обл.)
Украина,380,3558,Великие Дедеркалы  (Тернопольская обл.)
Украина,380,3135,Великий Березный  (Закарпатская обл.)
Украина,380,5752,Великий Бурлук  (Харьковская обл.)
Украина,380,352,Великий Хлыбачок  (Тернопольская обл.)
Украина,380,4337,Вендичаны  (Винницкая обл.)
Украина,380,5658,Верхнеднепровск  (Днепропетровская обл.)
Украина,380,5545,Верхний Рогачик  (Херсонская обл.)
Украина,380,3432,Верховина  (Ивано-Франковская обл.)
Украина,380,5163,Веселиново  (Николаевская обл.)
Украина,380,6136,Веселое  (Запорожская обл.)
Украина,380,3730,Вижница  (Черновицкая обл.)
Украина,380,5763,Вилшаны  (Харьковская обл.)
Украина,380,3143,Виноградов  (Закарпатская обл.)
Украина,380,3846,Виньковцы  (Хмельницкая обл.)
Украина,380,4598,Вишневое  (Киевская обл.)
Украина,380,3342,Владимир Волынский  (Волынская обл.)
Украина,380,3634,Владимирец  (Ровенская обл.)
Украина,380,5134,Вознесенск  (Николаевская обл.)
Украина,380,6244,Волноваха  (Донецкая обл.)
Украина,380,4569,Володарка  (Киевская обл.)
Украина,380,4145,Володарск Волынский  (Житомирская обл.)
Украина,380,6246,Володарское  (Донецкая обл.)
Украина,380,3845,Волочиск  (Хмельницкая обл.)
Украина,380,5741,Волчанск  (Харьковская обл.)
Украина,380,5653,Вольногорск  (Днепропетровская обл.)
Украина,380,6143,Вольнянск  (Запорожская обл.)
Украина,380,5135,Врадиевка  (Николаевская обл.)
Украина,380,5535,Высокополье  (Херсонская обл.)
Украина,380,5354,Гадяч  (Полтавская обл.)
Украина,380,5254,Гайворон  (Кировоградская обл.)
Украина,380,4334,Гайсин  (Винницкая обл.)
Украина,380,3431,Галич  (Ивано-Франковская обл.)
Украина,380,5534,Геническ  (Херсонская обл.)
Украина,380,3740,Герца  (Черновицкая обл.)
Украина,380,3249,Гирник  (Львовская обл.)
Украина,380,5365,Глобино  (Полтавская обл.)
Украина,380,5444,Глухов  (Сумская обл.)
Украина,380,3734,Глыбокая  (Черновицкая обл.)
Украина,380,5539,Голая Пристань  (Херсонская обл.)
Украина,380,5252,Голованевск  (Кировоградская обл.)
Украина,380,6242,Горловка  (Донецкая обл.)
Украина,380,624,Горловка  (Донецкая обл.)
Украина,380,5544,Горностаевка  (Херсонская обл.)
Украина,380,3430,Городенка  (Ивано-Франковская обл.)
Украина,380,4734,Городище  (Черкасская обл.)
Украина,380,4645,Городня  (Черниговская обл.)
Украина,380,3851,Городок  (Хмельницкая обл.)
Украина,380,3379,Горохов  (Волынская обл.)
Украина,380,3650,Гоща  (Ровенская обл.)
Украина,380,5359,Гребенка  (Полтавская обл.)
Украина,380,4142,Гуиба  (Житомирская обл.)
Украина,380,6145,Гуляйполе  (Запорожская обл.)
Украина,380,3557,Гусятин  (Тернопольская обл.)
Украина,380,3245,Дашава  (Львовская обл.)
Украина,380,4345,Дашев  (Винницкая обл.)
Украина,380,5750,Двуречная  (Харьковская обл.)
Украина,380,6249,Дебальцево  (Донецкая обл.)
Украина,380,3637,Демидовка  (Ровенская обл.)
Украина,380,3856,Деражня  (Хмельницкая обл.)
Украина,380,6247,Дзержинск  (Донецкая обл.)
Украина,380,5351,Диканька  (Полтавская обл.)
Украина,380,5692,Днепродзержинск  (Днепропетровская обл.)
Украина,380,562,Днепропетровск  (Днепропетровская обл.)
Украина,380,5253,Добровеличкова  (Кировоградская обл.)
Украина,380,6277,Доброполье  (Донецкая обл.)
Украина,380,6275,Докучаевск  (Донецкая обл.)
Украина,380,3477,Долина  (Ивано-Франковская обл.)
Украина,380,5234,Долинская  (Кировоградская обл.)
Украина,380,5152,Доманевка  (Николаевская обл.)
Украина,380,62,Донецк  (Донецкая обл.)
Украина,380,622,Донецк  (Донецкая обл.)
Украина,380,4738,Драбов  (Черкасская обл.)
Украина,380,3244,Дрогобыч  (Львовская обл.)
Украина,380,6267,Дружковка  (Донецкая обл.)
Украина,380,3656,Дубно  (Ровенская обл.)
Украина,380,3658,Дубровица  (Ровенская обл.)
Украина,380,3858,Дунаевцы  (Хмельницкая обл.)
Украина,380,4596,Дымер  (Киевская обл.)
Украина,380,5159,Еланец  (Николаевская обл.)
Украина,380,4747,Жашков  (Черкасская обл.)
Украина,380,3257,Жвырка  (Львовская обл.)
Украина,380,3136,Жденево  (Закарпатская обл.)
Украина,380,5652,Желтые Воды  (Днепропетровская обл.)
Украина,380,3239,Жидачов  (Львовская обл.)
Украина,380,412,Житомир  (Житомирская обл.)
Украина,380,4332,Жмеринка  (Винницкая обл.)
Украина,380,3252,Жовква  (Львовская обл.)
Украина,380,512,Жовтневое  (Николаевская обл.)
Украина,380,3554,Залещики  (Тернопольская обл.)
Украина,380,61,Запорожье  (Запорожская обл.)
Украина,380,3632,Заречное  (Ровенская обл.)
Украина,380,3737,Заставна  (Черновицкая обл.)
Украина,380,5761,Зачепиловка  (Харьковская обл.)
Украина,380,3550,Збараж  (Тернопольская обл.)
Украина,380,3540,Зборов  (Тернопольская обл.)
Украина,380,4740,Звенигородка  (Черкасская обл.)
Украина,380,4570,Згуровка  (Киевская обл.)
Украина,380,3652,Здолбунов  (Ровенская обл.)
Украина,380,5655,Зеленодольск  (Днепропетровская обл.)
Украина,380,5353,Зеньков  (Полтавская обл.)
Украина,380,5233,Знаменка  (Кировоградская обл.)
Украина,380,3551,Золотники  (Тернопольская обл.)
Украина,380,4737,Золотоноша  (Черкасская обл.)
Украина,380,3265,Золочев  (Львовская обл.)
Украина,380,5764,Золочев  (Харьковская обл.)
Украина,380,5747,Зотки  (Харьковская обл.)
Украина,380,3372,Иваничи  (Волынская обл.)
Украина,380,4591,Иванков  (Киевская обл.)
Украина,380,342,Ивано-Франковск  (Ивано-Франковская обл.)
Украина,380,3422,Ивано-Франковск  (Ивано-Франковская обл.)
Украина,380,4854,Ивановка  (Одесская обл.)
Украина,380,5531,Ивановка  (Херсонская обл.)
Украина,380,4841,Измаил  (Одесская обл.)
Украина,380,4563,Изын  (Киевская обл.)
Украина,380,5743,Изюм  (Харьковская обл.)
Украина,380,3852,Изяслав  (Хмельницкая обл.)
Украина,380,4868,Ильичевск  (Одесская обл.)
Украина,380,4597,Ирпень  (Киевская обл.)
Украина,380,3144,Иршава  (Закарпатская обл.)
Украина,380,4633,Ичня  (Черниговская обл.)
Украина,380,4573,Кагарлык  (Киевская обл.)
Украина,380,5164,Казанка  (Николаевская обл.)
Украина,380,4342,Казатин  (Винницкая обл.)
Украина,380,5530,Каланчак  (Херсонская обл.)
Украина,380,4333,Калиновка  (Винницкая обл.)
Украина,380,4594,Калита  (Киевская обл.)
Украина,380,3472,Калуш  (Ивано-Франковская обл.)
Украина,380,3849,Каменец Подольский  (Хмельницкая обл.)
Украина,380,4732,Каменка  (Черкасская обл.)
Украина,380,3254,Каменка Бугская  (Львовская обл.)
Украина,380,6138,Каменка Днепровская  (Запорожская обл.)
Украина,380,3357,Камень Каширский  (Волынская обл.)
Украина,380,4736,Канев  (Черкасская обл.)
Украина,380,5346,Карловка  (Полтавская обл.)
Украина,380,4742,Катеринополь  (Черкасская обл.)
Украина,380,5536,Каховка  (Херсонская обл.)
Украина,380,5755,Кегичевка  (Харьковская обл.)
Украина,380,3732,Кельменцы  (Черновицкая обл.)
Украина,380,3365,Киверцы  (Волынская обл.)
Украина,380,44,Киев  (Киевская обл.)
Украина,380,4843,Килия  (Одесская обл.)
Украина,380,522,Кировоград  (Кировоградская обл.)
Украина,380,6446,Кировск  (Луганская обл.)
Украина,380,6250,Кировское  (Донецкая обл.)
Украина,380,3736,Кицмань  (Черновицкая обл.)
Украина,380,4577,Клавдиево-Тарасов  (Киевская обл.)
Украина,380,5343,Кобеляки  (Полтавская обл.)
Украина,380,3352,Ковель  (Волынская обл.)
Украина,380,5742,Ковшаровка  (Харьковская обл.)
Украина,380,4867,Кодыма  (Одесская обл.)
Украина,380,5342,Козельщина  (Полтавская обл.)
Украина,380,3547,Козлив  (Тернопольская обл.)
Украина,380,5766,Коломак  (Харьковская обл.)
Украина,380,3433,Коломыя  (Ивано-Франковская обл.)
Украина,380,3231,Комарно  (Львовская обл.)
Украина,380,4855,Коминтерновское  (Одесская обл.)
Украина,380,5240,Компанеевка  (Кировоградская обл.)
Украина,380,5348,Комсомольск  (Полтавская обл.)
Украина,380,5447,Конотоп  (Сумская обл.)
Украина,380,6272,Константиновка  (Донецкая обл.)
Украина,380,3651,Корец  (Ровенская обл.)
Украина,380,4656,Короп  (Черниговская обл.)
Украина,380,4130,Коростышев  (Житомирская обл.)
Украина,380,4735,Корсунь-Шевченковский  (Черкасская обл.)
Украина,380,4657,Корюковка  (Черниговская обл.)
Украина,380,3478,Косов  (Ивано-Франковская обл.)
Украина,380,3657,Костополь  (Ровенская обл.)
Украина,380,5350,Котельва  (Полтавская обл.)
Украина,380,4862,Котовск  (Одесская обл.)
Украина,380,6264,Краматорск  (Донецкая обл.)
Украина,380,3855,Красилов  (Хмельницкая обл.)
Украина,380,6239,Красноармейск  (Донецкая обл.)
Украина,380,5744,Красноград  (Харьковская обл.)
Украина,380,6435,Краснодон  (Луганская обл.)
Украина,380,5756,Краснокутск  (Харьковская обл.)
Украина,380,5745,Краснопавловка  (Харьковская обл.)
Украина,380,5459,Краснополье  (Сумская обл.)
Украина,380,4861,Красные Окны  (Одесская обл.)
Украина,380,6261,Красный Лиман  (Донецкая обл.)
Украина,380,6432,Красный Луч  (Луганская обл.)
Украина,380,3546,Кременец  (Тернопольская обл.)
Украина,380,6454,Кременная  (Луганская обл.)
Украина,380,5366,Кременчуг  (Полтавская обл.)
Украина,380,536,Кременчуг  (Полтавская обл.)
Украина,380,5133,Кривое Озеро  (Николаевская обл.)
Украина,380,56,Кривой Рог  (Днепропетровская обл.)
Украина,380,564,Кривой Рог  (Днепропетровская обл.)
Украина,380,5654,Кринички  (Днепропетровская обл.)
Украина,380,5453,Кролевец  (Сумская обл.)
Украина,380,4340,Крыжополь  (Винницкая обл.)
Украина,380,3636,Кузнецовск  (Ровенская обл.)
Украина,380,6147,Куйбышево  (Запорожская обл.)
Украина,380,4643,"Куликовка,  (Черниговская обл.)"
Украина,380,5537,Лазурное  (Херсонская обл.)
Украина,380,3549,Лановцы  (Тернопольская обл.)
Украина,380,5445,Лебедин  (Сумская обл.)
Украина,380,3857,Летичев  (Хмельницкая обл.)
Украина,380,5452,Липовая Долина  (Сумская обл.)
Украина,380,6451,Лисичанск  (Луганская обл.)
Украина,380,4347,Литин  (Винницкая обл.)
Украина,380,3374,Локачи  (Волынская обл.)
Украина,380,5356,Лохвица  (Полтавская обл.)
Украина,380,53615,Лубны  (Полтавская обл.)
Украина,380,5361,Лубны  (Полтавская обл.)
Украина,380,642,Луганск  (Луганская обл.)
Украина,380,4161,Лугины  (Житомирская обл.)
Украина,380,6436,Лутугино  (Луганская обл.)
Украина,380,3322,Луцк  (Волынская обл.)
Украина,380,332,Луцк  (Волынская обл.)
Украина,380,4749,Лысянка  (Черкасская обл.)
Украина,380,32,Львов  (Львовская обл.)
Украина,380,4147,Любар  (Житомирская обл.)
Украина,380,4864,Любашевка  (Одесская обл.)
Украина,380,3362,Любешов  (Волынская обл.)
Украина,380,3377,Любомль  (Волынская обл.)
Украина,380,5691,Магдалиновка  (Днепропетровская обл.)
Украина,380,4578,Макаров  (Киевская обл.)
Украина,380,6232,Макеевка  (Донецкая обл.)
Украина,380,623,Макеевка  (Донецкая обл.)
Украина,380,5258,Малая Виска  (Кировоградская обл.)
Украина,380,612,Малокатериновка  (Запорожская обл.)
Украина,380,6297,Мангуш  (Донецкая обл.)
Украина,380,3376,Маневичи  (Волынская обл.)
Украина,380,4748,Маньковка  (Черкасская обл.)
Украина,380,5665,Марганец  (Днепропетровская обл.)
Украина,380,629,Мариуполь  (Донецкая обл.)
Украина,380,6464,Марковка  (Луганская обл.)
Украина,380,6278,Марьинка  (Донецкая обл.)
Украина,380,5364,Машевка  (Полтавская обл.)
Украина,380,3146,Межгорье  (Закарпатская обл.)
Украина,380,5630,Межевая  (Днепропетровская обл.)
Украина,380,6192,Мелитополь  (Запорожская обл.)
Украина,380,619,Мелитополь  (Запорожская обл.)
Украина,380,6465,Меловое  (Луганская обл.)
Украина,380,4644,Мена  (Черниговская обл.)
Украина,380,5355,Миргород  (Полтавская обл.)
Украина,380,4574,Мироновка  (Киевская обл.)
Украина,380,3659,Млинов  (Ровенская обл.)
Украина,380,3555,Монастыриска  (Тернопольская обл.)
Украина,380,4746,Монастырище  (Черкасская обл.)
Украина,380,3260,Моршин  (Львовская обл.)
Украина,380,3234,Мостиска  (Львовская обл.)
Украина,380,3131,Мукачево  (Закарпатская обл.)
Украина,380,4356,Мурованные Куриловцы  (Винницкая обл.)
Украина,380,3475,Надворная  (Ивано-Франковская обл.)
Украина,380,4140,Народичи  (Житомирская обл.)
Украина,380,5455,Недригайлов  (Сумская обл.)
Украина,380,4631,Нежин  (Черниговская обл.)
Украина,380,3259,Немиров  (Львовская обл.)
Украина,380,5540,Нижние Серогозы  (Херсонская обл.)
Украина,380,5422,Низы  (Сумская обл.)
Украина,380,4857,Николаевка  (Одесская обл.)
Украина,380,5662,Никополь  (Днепропетровская обл.)
Украина,380,566,Никополь  (Днепропетровская обл.)
Украина,380,5740,Новая Водолага  (Харьковская обл.)
Украина,380,5549,Новая Каховка  (Херсонская обл.)
Украина,380,5167,Новая Одесса  (Николаевская обл.)
Украина,380,3847,Новая Ушица  (Хмельницкая обл.)
Украина,380,4658,Новгород Северский  (Черниговская обл.)
Украина,380,5241,Новгородка  (Кировоградская обл.)
Украина,380,6296,Новоазовск  (Донецкая обл.)
Украина,380,6445,Новоайдар  (Луганская обл.)
Украина,380,5255,Новоархангельск  (Кировоградская обл.)
Украина,380,3344,Нововолынск  (Волынская обл.)
Украина,380,5533,Нововоронцовка  (Херсонская обл.)
Украина,380,3741,Новоднестровск  (Черновицкая обл.)
Украина,380,5256,Новомиргород  (Кировоградская обл.)
Украина,380,5693,Новомосковск  (Днепропетровская обл.)
Украина,380,569,Новомосковск  (Днепропетровская обл.)
Украина,380,6144,Новониколаевка  (Запорожская обл.)
Украина,380,6463,Новопсков  (Луганская обл.)
Украина,380,3733,Новоселица  (Черновицкая обл.)
Украина,380,5548,Новотроицкое  (Херсонская обл.)
Украина,380,5251,Новоукраинка  (Кировоградская обл.)
Украина,380,3256,Новояворовское  (Львовская обл.)
Украина,380,4135,Новые Белокоровичи  (Житомирская обл.)
Украина,380,5344,Новые Санжары  (Полтавская обл.)
Украина,380,5151,Новый Буг  (Николаевская обл.)
Украина,380,3261,Новый Роздол  (Львовская обл.)
Украина,380,4642,Носовка  (Черниговская обл.)
Украина,380,4851,Овидиополь  (Одесская обл.)
Украина,380,4148,Овруч  (Житомирская обл.)
Украина,380,482,Одесса  (Одесская обл.)
Украина,380,48,Одесса  (Одесская обл.)
Украина,380,5250,Ольшанка  (Кировоградская обл.)
Украина,380,5238,Онуфриевка  (Кировоградская обл.)
Украина,380,4330,Оратов  (Винницкая обл.)
Украина,380,5667,Орджоникидзе  (Днепропетровская обл.)
Украина,380,6141,Орехов  (Запорожская обл.)
Украина,380,5357,Оржица  (Полтавская обл.)
Украина,380,4646,Остер  (Черниговская обл.)
Украина,380,3654,Острог  (Ровенская обл.)
Украина,380,5154,Очаков  (Николаевская обл.)
Украина,380,563,Павлоград  (Днепропетровская обл.)
Украина,380,5632,Павлоград  (Днепропетровская обл.)
Украина,380,6455,Первомайск  (Луганская обл.)
Украина,380,5161,Первомайск  (Николаевская обл.)
Украина,380,5748,Первомайский  (Харьковская обл.)
Украина,380,6441,Перевальск  (Луганская обл.)
Украина,380,3263,Перемышляны  (Львовская обл.)
Украина,380,4567,Переслав Хмельницкий  (Киевская обл.)
Украина,380,3145,Перечин  (Закарпатская обл.)
Украина,380,5633,Першотравенск  (Днепропетровская обл.)
Украина,380,5634,Петриковка  (Днепропетровская обл.)
Украина,380,5237,Петрово  (Кировоградская обл.)
Украина,380,5631,Петропавловка  (Днепропетровская обл.)
Украина,380,5765,Печенеги  (Харьковская обл.)
Украина,380,5358,Пирятин  (Полтавская обл.)
Украина,380,4346,Погребище  (Винницкая обл.)
Украина,380,3543,Подволочинск  (Тернопольская обл.)
Украина,380,3542,Подгайцы  (Тернопольская обл.)
Украина,380,5638,Покровское  (Днепропетровская обл.)
Украина,380,4592,Полевское  (Киевская обл.)
Украина,380,6165,Пологи  (Запорожская обл.)
Украина,380,3843,Полонное  (Хмельницкая обл.)
Украина,380,532,Полтава  (Полтавская обл.)
Украина,380,5322,Полтава  (Полтавская обл.)
Украина,380,6474,Попасная  (Луганская обл.)
Украина,380,4137,Попельня  (Житомирская обл.)
Украина,380,6133,Приазовское  (Запорожская обл.)
Украина,380,4637,Прилуки  (Черниговская обл.)
Украина,380,6137,Приморское  (Запорожская обл.)
Украина,380,6132,Пришиб  (Запорожская обл.)
Украина,380,3230,Пустомыты  (Львовская обл.)
Украина,380,5442,Путивль  (Сумская обл.)
Украина,380,3738,Путила  (Черновицкая обл.)
Украина,380,5651,Пятихатки  (Днепропетровская обл.)
Украина,380,3255,Радехов  (Львовская обл.)
Украина,380,3633,Радивилов  (Ровенская обл.)
Украина,380,4853,Раздельная  (Одесская обл.)
Украина,380,4562,Ракитное  (Киевская обл.)
Украина,380,3366,Ратно  (Волынская обл.)
Украина,380,3132,Рахов  (Закарпатская обл.)
Украина,380,4840,Рени  (Одесская обл.)
Украина,380,4641,Репки  (Черниговская обл.)
Украина,380,5363,Решетиловка  (Полтавская обл.)
Украина,380,6433,Ровеньки  (Луганская обл.)
Украина,380,362,Ровно  (Ровенская обл.)
Украина,380,3435,Рогатин  (Ивано-Франковская обл.)
Украина,380,3368,Рожище  (Волынская обл.)
Украина,380,3474,Рожнятов  (Ивано-Франковская обл.)
Украина,380,3241,Роздол  (Львовская обл.)
Украина,380,6162,Розовка  (Запорожская обл.)
Украина,380,3635,Рокитное  (Ровенская обл.)
Украина,380,4146,Романов  (Житомирская обл.)
Украина,380,5448,Ромны  (Сумская обл.)
Украина,380,6453,Рубежное  (Луганская обл.)
Украина,380,4349,Рудница  (Винницкая обл.)
Украина,380,4138,Ружин  (Житомирская обл.)
Украина,380,4865,Саврань  (Одесская обл.)
Украина,380,3236,Самбор  (Львовская обл.)
Украина,380,4848,Сарата  (Одесская обл.)
Украина,380,3655,Сарны  (Ровенская обл.)
Украина,380,5762,Сахновщина  (Харьковская обл.)
Украина,380,3133,Свалява  (Закарпатская обл.)
Украина,380,6471,Сватово  (Луганская обл.)
Украина,380,6434,Свердловск  (Луганская обл.)
Украина,380,5236,Светловодск  (Кировоградская обл.)
Украина,380,6262,Святогорск  (Донецкая обл.)
Украина,380,626,Святогорск  (Донецкая обл.)
Украина,380,645,Северодонецк  (Луганская обл.)
Украина,380,6452,Северодонецк  (Луганская обл.)
Украина,380,6237,Селидово  (Донецкая обл.)
Украина,380,5341,Семеновка  (Полтавская обл.)
Украина,380,4659,Семеновка  (Черниговская обл.)
Украина,380,4849,Сергеевка  (Одесская обл.)
Украина,380,5451,Середина Буда  (Сумская обл.)
Украина,380,5663,Синельниково  (Днепропетровская обл.)
Украина,380,4568,Сквира  (Киевская обл.)
Украина,380,3251,Сколе  (Львовская обл.)
Украина,380,3842,Славута  (Хмельницкая обл.)
Украина,380,4579,Славутич  (Киевская обл.)
Украина,380,6473,Славяносербск  (Луганская обл.)
Украина,380,4733,Смела  (Черкасская обл.)
Украина,380,6256,Снежное  (Донецкая обл.)
Украина,380,5162,Снигиревка  (Николаевская обл.)
Украина,380,3476,Снятын  (Ивано-Франковская обл.)
Украина,380,3739,Сокиряны  (Черновицкая обл.)
Украина,380,5669,Соленое  (Днепропетровская обл.)
Украина,380,4655,Сосница  (Черниговская обл.)
Украина,380,5650,Софиевка  (Днепропетровская обл.)
Украина,380,4639,Сребное  (Черниговская обл.)
Украина,380,4564,Ставище  (Киевская обл.)
Украина,380,6472,Станично-Луганское  (Луганская обл.)
Украина,380,3346,Старая Выжевка  (Волынская обл.)
Украина,380,3850,Старая Синява  (Хмельницкая обл.)
Украина,380,6461,Старобельск  (Луганская обл.)
Украина,380,6253,Старобешево  (Донецкая обл.)
Украина,380,3854,Староконстантинов  (Хмельницкая обл.)
Украина,380,3238,Старый Самбор  (Львовская обл.)
Украина,380,6444,Стаханов  (Луганская обл.)
Украина,380,3735,Сторожинец  (Черновицкая обл.)
Украина,380,432,Стрижавка  (Винницкая обл.)
Украина,380,4634,Талалаевка  (Черниговская обл.)
Украина,380,4731,Тальное  (Черкасская обл.)
Украина,380,4566,Тараща  (Киевская обл.)
Украина,380,4847,Тарутино  (Одесская обл.)
Украина,380,4844,Татарбунары  (Одесская обл.)
Украина,380,6279,Тельманово  (Донецкая обл.)
Украина,380,3844,Теофиполь  (Хмельницкая обл.)
Украина,380,4353,Теплик  (Винницкая обл.)
Украина,380,4850,Теплодар  (Одесская обл.)
Украина,380,5636,Терновка  (Днепропетровская обл.)
Украина,380,4560,Тетиев  (Киевская обл.)
Украина,380,3479,Тлумач  (Ивано-Франковская обл.)
Украина,380,6178,Токмак  (Запорожская обл.)
Украина,380,5668,Томаковка  (Днепропетровская обл.)
Украина,380,4348,Томашполь  (Винницкая обл.)
Украина,380,6254,Торез  (Донецкая обл.)
Украина,380,6456,Троицкое  (Луганская обл.)
Украина,380,4343,Тростянец  (Винницкая обл.)
Украина,380,5458,Тростянец  (Сумская обл.)
Украина,380,3247,Трускавец  (Львовская обл.)
Украина,380,4335,Тульчин  (Винницкая обл.)
Украина,380,4358,Турбов  (Винницкая обл.)
Украина,380,3363,Турийск  (Волынская обл.)
Украина,380,3269,Турка  (Львовская обл.)
Украина,380,4355,Тывров  (Винницкая обл.)
Украина,380,3436,Тысменица  (Ивано-Франковская обл.)
Украина,380,3134,Тячев  (Закарпатская обл.)
Украина,380,6252,Углегорск  (Донецкая обл.)
Украина,380,6273,Угледар  (Донецкая обл.)
Украина,380,3122,Ужгород  (Закарпатская обл.)
Украина,380,4572,Украинка  (Киевская обл.)
Украина,380,5259,Ульяновка  (Кировоградская обл.)
Украина,380,4744,Умань  (Черкасская обл.)
Украина,380,5239,Устиновка  (Кировоградская обл.)
Украина,380,4565,Фастов  (Киевская обл.)
Украина,380,4860,Фрунзовка  (Одесская обл.)
Украина,380,6257,Харцызск  (Донецкая обл.)
Украина,380,57,Харьков  (Харьковская обл.)
Украина,380,552,Херсон  (Херсонская обл.)
Украина,380,4338,Хмельник  (Винницкая обл.)
Украина,380,3822,Хмельницкий  (Хмельницкая обл.)
Украина,380,382,Хмельницкий  (Хмельницкая обл.)
Украина,380,5362,Хорол  (Полтавская обл.)
Украина,380,542,Хотень  (Сумская обл.)
Украина,380,3731,Хотин  (Черновицкая обл.)
Украина,380,4745,Христиновка  (Черкасская обл.)
Украина,380,3142,Хуст  (Закарпатская обл.)
Украина,380,5690,Царичанка  (Днепропетровская обл.)
Украина,380,5542,Цюрупинск  (Херсонская обл.)
Украина,380,5538,Чаплинка  (Херсонская обл.)
Украина,380,3859,Чемеровцы  (Хмельницкая обл.)
Украина,380,4131,Червоноармейск  (Житомирская обл.)
Украина,380,472,Черкассы  (Черкасская обл.)
Украина,380,4622,Чернигов  (Черниговская обл.)
Украина,380,462,Чернигов  (Черниговская обл.)
Украина,380,6140,Черниговка  (Запорожская обл.)
Украина,380,4739,Чернобай  (Черкасская обл.)
Украина,380,4593,Чернобыль  (Киевская обл.)
Украина,380,4357,Черновцы  (Винницкая обл.)
Украина,380,3722,Черновцы  (Черновицкая обл.)
Украина,380,372,Черновцы  (Черновицкая обл.)
Украина,380,5340,Чернухи  (Полтавская обл.)
Украина,380,4134,Черняхов  (Житомирская обл.)
Украина,380,4351,Чечельник  (Винницкая обл.)
Украина,380,4730,Чигирин  (Черкасская обл.)
Украина,380,5557,Чолкино  (Херсонская обл.)
Украина,380,312,Чоп  (Закарпатская обл.)
Украина,380,4133,Чоповица  (Житомирская обл.)
Украина,380,3552,Чортков  (Тернопольская обл.)
Украина,380,4139,Чуднов  (Житомирская обл.)
Украина,380,5347,Чутово  (Полтавская обл.)
Украина,380,4344,Шаргород  (Винницкая обл.)
Украина,380,6255,Шахтерск  (Донецкая обл.)
Украина,380,3355,Шацк  (Волынская обл.)
Украина,380,5751,Шевченково  (Харьковская обл.)
Украина,380,3840,Шепетовка  (Хмельницкая обл.)
Украина,380,5657,Широкое  (Днепропетровская обл.)
Украина,380,4858,Ширяево  (Одесская обл.)
Украина,380,5352,Шишаки  (Полтавская обл.)
Украина,380,5449,Шостка  (Сумская обл.)
Украина,380,4741,Шпола  (Черкасская обл.)
Украина,380,4654,Щорс  (Черниговская обл.)
Украина,380,6139,Энергодар  (Запорожская обл.)
Украина,380,5136,Южноукраинск  (Николаевская обл.)
Украина,380,4842,Южный  (Одесская обл.)
Украина,380,5635,Юрьевка  (Днепропетровская обл.)
Украина,380,4149,Яблунец  (Житомирская обл.)
Украина,380,4575,Яготин  (Киевская обл.)
Украина,380,4336,Ямполь  (Винницкая обл.)
Украина,380,5456,Ямполь  (Сумская обл.)
Украина,380,3841,Ямполь  (Хмельницкая обл.)
Украина,380,3434,Яремча  (Ивано-Франковская обл.)
Украина,380,3853,Ярмолинцы  (Хмельницкая обл.)
Украина,380,6236,Ясиноватая  (Донецкая обл.)
Украина,380,50,Vodafone
Украина,380,63,Lifecell
Украина,380,66,Vodafone
Украина,380,67,Киевстар
Украина,380,68,Киевстар
Украина,380,73,Lifecell
Украина,380,91,ТриМоб
Украина,380,92,PEOPLEnet
Украина,380,93,Lifecell
Украина,380,94,Интертелеком
Украина,380,95,Vodafone
Украина,380,96,Киевстар
Украина,380,97,Киевстар
Украина,380,98,Киевстар
Украина,380,99,Vodafone
