Город,Номера,Оператор,Телефонный код,Код страны
Москва,495301xxxx,ПАО МГТС,495,+7
Москва,499301xxxx,ПАО МГТС,499,+7
Москва,495302xxxx,ПАО МГТС,495,+7
Москва,499302xxxx,ПАО МГТС,499,+7
Москва,495303xxxx,ПАО МГТС,495,+7
Москва,499303xxxx,ПАО МГТС,499,+7
Москва,495304xxxx,ПАО МГТС,495,+7
Москва,499304xxxx,ПАО МГТС,499,+7
Москва,495305xxxx,ПАО МГТС,495,+7
Москва,499305xxxx,ПАО МГТС,499,+7
Москва,4953060xxx,ПАО МГТС,495,+7
Москва,4993060xxx,ПАО МГТС,499,+7
Москва,4953061xxx,ПАО МГТС,495,+7
Москва,4993061xxx,ПАО МГТС,499,+7
Москва,4953062xxx,ПАО МГТС,495,+7
Москва,4993062xxx,ПАО МГТС,499,+7
Москва,4953063xxx,ПАО МГТС,495,+7
Москва,4993063xxx,ПАО МГТС,499,+7
Москва,4953064xxx,ПАО МГТС,495,+7
Москва,4993064xxx,ПАО МГТС,499,+7
Москва,49545188xx,ПАО МГТС,495,+7
Москва,49945188xx,ПАО МГТС,499,+7
Москва,49545189xx,ПАО МГТС,495,+7
Москва,49945189xx,ПАО МГТС,499,+7
Москва,4954519xxx,ПАО МГТС,495,+7
Москва,4994519xxx,ПАО МГТС,499,+7
Москва,495452xxxx,ПАО МГТС,495,+7
Москва,499452xxxx,ПАО МГТС,499,+7
Москва,495453xxxx,ПАО МГТС,495,+7
Москва,499453xxxx,ПАО МГТС,499,+7
Москва,495454xxxx,ПАО МГТС,495,+7
Москва,499454xxxx,ПАО МГТС,499,+7
Москва,495455xxxx,ПАО МГТС,495,+7
Москва,499455xxxx,ПАО МГТС,499,+7
Москва,495456xxxx,ПАО МГТС,495,+7
Москва,499456xxxx,ПАО МГТС,499,+7
Москва,495457xxxx,ПАО МГТС,495,+7
Москва,499457xxxx,ПАО МГТС,499,+7
Москва,495458xxxx,ПАО МГТС,495,+7
Москва,499458xxxx,ПАО МГТС,499,+7
Москва,49545900xx,ПАО МГТС,495,+7
Москва,49945900xx,ПАО МГТС,499,+7
Москва,49545901xx,ПАО МГТС,495,+7
Москва,49945901xx,ПАО МГТС,499,+7
Москва,49545902xx,ПАО МГТС,495,+7
Москва,49945902xx,ПАО МГТС,499,+7
Москва,49545903xx,ПАО МГТС,495,+7
Москва,49945903xx,ПАО МГТС,499,+7
Москва,49545904xx,ПАО МГТС,495,+7
Москва,49945904xx,ПАО МГТС,499,+7
Москва,49545905xx,ПАО МГТС,495,+7
Москва,49945905xx,ПАО МГТС,499,+7
Москва,495520xxxx,Ростелеком,495,+7
Москва,499520xxxx,Ростелеком,499,+7
Москва,495521xxxx,Ростелеком,495,+7
Москва,499521xxxx,Ростелеком,499,+7
Москва,495522xxxx,Ростелеком,495,+7
Москва,499522xxxx,Ростелеком,499,+7
Москва,495523xxxx,Ростелеком,495,+7
Москва,499523xxxx,Ростелеком,499,+7
Москва,495524xxxx,Ростелеком,495,+7
Москва,499524xxxx,Ростелеком,499,+7
Москва,495525xxxx,Ростелеком,495,+7
Москва,499525xxxx,Ростелеком,499,+7
Москва,4955260xxx,Ростелеком,495,+7
Москва,4995260xxx,Ростелеком,499,+7
Москва,4955261xxx,Ростелеком,495,+7
Москва,4995261xxx,Ростелеком,499,+7
Москва,495565537x,Ростелеком,495,+7
Москва,499565537x,Ростелеком,499,+7
Москва,495565538x,Ростелеком,495,+7
Москва,499565538x,Ростелеком,499,+7
Москва,495565539x,Ростелеком,495,+7
Москва,499565539x,Ростелеком,499,+7
Москва,49556554xx,Ростелеком,495,+7
Москва,49956554xx,Ростелеком,499,+7
Москва,49556555xx,Ростелеком,495,+7
Москва,49956555xx,Ростелеком,499,+7
Москва,49556556xx,Ростелеком,495,+7
Москва,49956556xx,Ростелеком,499,+7
Москва,49556557xx,Ростелеком,495,+7
Москва,49956557xx,Ростелеком,499,+7
Москва,49556558xx,Ростелеком,495,+7
Москва,49956558xx,Ростелеком,499,+7
Москва,49556559xx,Ростелеком,495,+7
Москва,49956559xx,Ростелеком,499,+7
Москва,4955656xxx,Ростелеком,495,+7
Москва,4995656xxx,Ростелеком,499,+7
Москва,4955657xxx,Ростелеком,495,+7
Москва,4995657xxx,Ростелеком,499,+7
Москва,4955658xxx,Ростелеком,495,+7
Москва,4995658xxx,Ростелеком,499,+7
Москва,4955659xxx,Ростелеком,495,+7
Москва,4995659xxx,Ростелеком,499,+7
Москва,495566xxxx,Ростелеком,495,+7
Москва,499566xxxx,Ростелеком,499,+7
Москва,495567xxxx,Ростелеком,495,+7
Москва,499567xxxx,Ростелеком,499,+7
Москва,495568xxxx,Ростелеком,495,+7
Москва,499568xxxx,Ростелеком,499,+7
Москва,495569xxxx,Ростелеком,495,+7
Москва,499569xxxx,Ростелеком,499,+7
Москва,495570xxxx,Ростелеком,495,+7
Москва,499570xxxx,Ростелеком,499,+7
Москва,495571xxxx,Ростелеком,495,+7
Москва,499571xxxx,Ростелеком,499,+7
Москва,495572xxxx,Ростелеком,495,+7
Москва,499572xxxx,Ростелеком,499,+7
Москва,495573xxxx,Ростелеком,495,+7
Москва,499573xxxx,Ростелеком,499,+7
Москва,4955740xxx,Ростелеком,495,+7
Москва,4995740xxx,Ростелеком,499,+7
Москва,4955741xxx,Ростелеком,495,+7
Москва,4995741xxx,Ростелеком,499,+7
Москва,4955742xxx,Ростелеком,495,+7
Москва,4995742xxx,Ростелеком,499,+7
Москва,49557430xx,Ростелеком,495,+7
Москва,49957430xx,Ростелеком,499,+7
Москва,49557431xx,Ростелеком,495,+7
Москва,49957431xx,Ростелеком,499,+7
Москва,49557432xx,Ростелеком,495,+7
Москва,49957432xx,Ростелеком,499,+7
Москва,49557433xx,Ростелеком,495,+7
Москва,49957433xx,Ростелеком,499,+7
Москва,49557434xx,Ростелеком,495,+7
Москва,49957434xx,Ростелеком,499,+7
Москва,49557435xx,Ростелеком,495,+7
Москва,49957435xx,Ростелеком,499,+7
Москва,49557436xx,Ростелеком,495,+7
Москва,49957436xx,Ростелеком,499,+7
Москва,4955384xxx,КОМКОР,495,+7
Москва,4995384xxx,КОМКОР,499,+7
Москва,4955385xxx,КОМКОР,495,+7
Москва,4995385xxx,КОМКОР,499,+7
Москва,4955386xxx,КОМКОР,495,+7
Москва,4995386xxx,КОМКОР,499,+7
Москва,4955387xxx,КОМКОР,495,+7
Москва,4995387xxx,КОМКОР,499,+7
Москва,4955388xxx,КОМКОР,495,+7
Москва,4995388xxx,КОМКОР,499,+7
Москва,4955389xxx,КОМКОР,495,+7
Москва,4995389xxx,КОМКОР,499,+7
Москва,495539xxxx,КОМКОР,495,+7
Москва,499539xxxx,КОМКОР,499,+7
Москва,495626xxxx,Билайн,495,+7
Москва,499626xxxx,Билайн,499,+7
Москва,495627xxxx,Билайн,495,+7
Москва,499627xxxx,Билайн,499,+7
Москва,495628xxxx,Билайн,495,+7
Москва,499628xxxx,Билайн,499,+7
Москва,495629xxxx,Билайн,495,+7
Москва,499629xxxx,Билайн,499,+7
Москва,495630xxxx,Билайн,495,+7
Москва,499630xxxx,Билайн,499,+7
Москва,495631xxxx,Билайн,495,+7
Москва,499631xxxx,Билайн,499,+7
Москва,495632xxxx,Билайн,495,+7
Москва,499632xxxx,Билайн,499,+7
Москва,495633xxxx,Билайн,495,+7
Москва,499633xxxx,Билайн,499,+7
Москва,495634xxxx,Билайн,495,+7
Москва,499634xxxx,Билайн,499,+7
Москва,495635xxxx,Билайн,495,+7
Москва,499635xxxx,Билайн,499,+7
Санкт-Петербург,8123651448,Ростелеком,812,+7
Санкт-Петербург,8123651449,Ростелеком,812,+7
Санкт-Петербург,812365145x,Ростелеком,812,+7
Санкт-Петербург,812365146x,Ростелеком,812,+7
Санкт-Петербург,812365147x,Ростелеком,812,+7
Санкт-Петербург,812365148x,Ростелеком,812,+7
Санкт-Петербург,812365149x,Ростелеком,812,+7
Санкт-Петербург,81236515xx,Ростелеком,812,+7
Санкт-Петербург,81236516xx,Ростелеком,812,+7
Санкт-Петербург,81236517xx,Ростелеком,812,+7
Санкт-Петербург,81236518xx,Ростелеком,812,+7
Санкт-Петербург,81236519xx,Ростелеком,812,+7
Санкт-Петербург,8123652xxx,Ростелеком,812,+7
Санкт-Петербург,8123653xxx,Ростелеком,812,+7
Санкт-Петербург,8123654xxx,Ростелеком,812,+7
Санкт-Петербург,8123655xxx,Ростелеком,812,+7
Санкт-Петербург,8123656xxx,Ростелеком,812,+7
Санкт-Петербург,8123657xxx,Ростелеком,812,+7
Санкт-Петербург,8123658xxx,Ростелеком,812,+7
Санкт-Петербург,8123659xxx,Ростелеком,812,+7
Санкт-Петербург,812366xxxx,Ростелеком,812,+7
Санкт-Петербург,812367xxxx,Ростелеком,812,+7
Санкт-Петербург,812368xxxx,Ростелеком,812,+7
Санкт-Петербург,812369xxxx,Ростелеком,812,+7
Санкт-Петербург,812370xxxx,Ростелеком,812,+7
Санкт-Петербург,812371xxxx,Ростелеком,812,+7
Санкт-Петербург,8123720xxx,Ростелеком,812,+7
Санкт-Петербург,8123721xxx,Ростелеком,812,+7
Санкт-Петербург,8123722xxx,Ростелеком,812,+7
Санкт-Петербург,8123723xxx,Ростелеком,812,+7
Санкт-Петербург,81237240xx,Ростелеком,812,+7
Санкт-Петербург,81237241xx,Ростелеком,812,+7
Санкт-Петербург,81237242xx,Ростелеком,812,+7
Санкт-Петербург,81237243xx,Ростелеком,812,+7
Санкт-Петербург,81237244xx,Ростелеком,812,+7
Санкт-Петербург,81237245xx,Ростелеком,812,+7
Санкт-Петербург,81237246xx,Ростелеком,812,+7
Санкт-Петербург,81237247xx,Ростелеком,812,+7
Санкт-Петербург,81237248xx,Ростелеком,812,+7
Санкт-Петербург,812372490x,Ростелеком,812,+7
Санкт-Петербург,812372491x,Ростелеком,812,+7
Санкт-Петербург,812372492x,Ростелеком,812,+7
Санкт-Петербург,812372493x,Ростелеком,812,+7
Санкт-Петербург,812372494x,Ростелеком,812,+7
Санкт-Петербург,812372495x,Ростелеком,812,+7
Санкт-Петербург,812372496x,Ростелеком,812,+7
Санкт-Петербург,812372497x,Ростелеком,812,+7
Санкт-Петербург,812372498x,Ростелеком,812,+7
Санкт-Петербург,8123724990,Ростелеком,812,+7
Санкт-Петербург,8123724991,Ростелеком,812,+7
Санкт-Петербург,8123724992,Ростелеком,812,+7
Санкт-Петербург,8123724993,Ростелеком,812,+7
Санкт-Петербург,8123724994,Ростелеком,812,+7
Санкт-Петербург,8123724995,Ростелеком,812,+7
Санкт-Петербург,8123724996,Ростелеком,812,+7
Санкт-Петербург,8123724997,Ростелеком,812,+7
Санкт-Петербург,8123724998,Ростелеком,812,+7
Санкт-Петербург,8123724999,Ростелеком,812,+7
Санкт-Петербург,812524xxxx,Ростелеком,812,+7
Санкт-Петербург,812525xxxx,Ростелеком,812,+7
Санкт-Петербург,812526xxxx,Ростелеком,812,+7
Санкт-Петербург,812527xxxx,Ростелеком,812,+7
Санкт-Петербург,812528xxxx,Ростелеком,812,+7
Санкт-Петербург,812529xxxx,Ростелеком,812,+7
Санкт-Петербург,812530xxxx,Ростелеком,812,+7
Санкт-Петербург,812531xxxx,Ростелеком,812,+7
Санкт-Петербург,812532xxxx,Ростелеком,812,+7
Санкт-Петербург,812533xxxx,Ростелеком,812,+7
Санкт-Петербург,812534xxxx,Ростелеком,812,+7
Санкт-Петербург,812535xxxx,Ростелеком,812,+7
Санкт-Петербург,812583xxxx,Ростелеком,812,+7
Санкт-Петербург,812584xxxx,Ростелеком,812,+7
Санкт-Петербург,812585xxxx,Ростелеком,812,+7
Санкт-Петербург,812586xxxx,Ростелеком,812,+7
Санкт-Петербург,812587xxxx,Ростелеком,812,+7
Санкт-Петербург,812588xxxx,Ростелеком,812,+7
Санкт-Петербург,812589xxxx,Ростелеком,812,+7
Санкт-Петербург,812590xxxx,Ростелеком,812,+7
Санкт-Петербург,8125910xxx,Ростелеком,812,+7
Санкт-Петербург,8125911xxx,Ростелеком,812,+7
Санкт-Петербург,8125912xxx,Ростелеком,812,+7
Санкт-Петербург,8125913xxx,Ростелеком,812,+7
Санкт-Петербург,8125914xxx,Ростелеком,812,+7
Санкт-Петербург,8125915xxx,Ростелеком,812,+7
Санкт-Петербург,8125916xxx,Ростелеком,812,+7
Санкт-Петербург,81259170xx,Ростелеком,812,+7
Санкт-Петербург,812591710x,Ростелеком,812,+7
Санкт-Петербург,812591711x,Ростелеком,812,+7
Санкт-Петербург,812591712x,Ростелеком,812,+7
Санкт-Петербург,812591713x,Ростелеком,812,+7
Санкт-Петербург,8126805xxx,Ростелеком,812,+7
Санкт-Петербург,8126806xxx,Ростелеком,812,+7
Санкт-Петербург,8126807xxx,Ростелеком,812,+7
Санкт-Петербург,8126808xxx,Ростелеком,812,+7
Санкт-Петербург,8126809xxx,Ростелеком,812,+7
Санкт-Петербург,812681xxxx,Ростелеком,812,+7
Санкт-Петербург,812682xxxx,Ростелеком,812,+7
Санкт-Петербург,812683xxxx,Ростелеком,812,+7
Санкт-Петербург,812684xxxx,Ростелеком,812,+7
Санкт-Петербург,812685xxxx,Ростелеком,812,+7
Санкт-Петербург,812686xxxx,Ростелеком,812,+7
Санкт-Петербург,812687xxxx,Ростелеком,812,+7
Санкт-Петербург,8126880xxx,Ростелеком,812,+7
Санкт-Петербург,8126881xxx,Ростелеком,812,+7
Санкт-Петербург,8126882xxx,Ростелеком,812,+7
Санкт-Петербург,812689xxxx,Ростелеком,812,+7
Санкт-Петербург,81269xxxxx,Ростелеком,812,+7
Санкт-Петербург,812700xxxx,Ростелеком,812,+7
Санкт-Петербург,81290184xx,МегаФон,812,+7
Санкт-Петербург,81290185xx,МегаФон,812,+7
Санкт-Петербург,81290186xx,МегаФон,812,+7
Санкт-Петербург,81290187xx,МегаФон,812,+7
Санкт-Петербург,81290188xx,МегаФон,812,+7
Санкт-Петербург,81290189xx,МегаФон,812,+7
Санкт-Петербург,8129019xxx,МегаФон,812,+7
Санкт-Петербург,812902xxxx,МегаФон,812,+7
Санкт-Петербург,812903xxxx,МегаФон,812,+7
Санкт-Петербург,812904xxxx,МегаФон,812,+7
Санкт-Петербург,812905xxxx,МегаФон,812,+7
Санкт-Петербург,812906xxxx,МегаФон,812,+7
Санкт-Петербург,812907xxxx,МегаФон,812,+7
Санкт-Петербург,812908xxxx,МегаФон,812,+7
Санкт-Петербург,812909xxxx,МегаФон,812,+7
Санкт-Петербург,81291xxxxx,МегаФон,812,+7
Санкт-Петербург,81292xxxxx,МТС,812,+7
Санкт-Петербург,81293xxxxx,МегаФон,812,+7
Санкт-Петербург,81294xxxxx,МегаФон,812,+7
Санкт-Петербург,81295xxxxx,МегаФон,812,+7
Санкт-Петербург,81296xxxxx,МегаФон,812,+7
Санкт-Петербург,81297xxxxx,Tele2,812,+7
Санкт-Петербург,812980xxxx,Tele2,812,+7
Санкт-Петербург,812981xxxx,Tele2,812,+7
Санкт-Петербург,81299xxxxx,МегаФон,812,+7
Новосибирск,3832175xxx,Ростелеком,383,+7
Новосибирск,3832176xxx,Ростелеком,383,+7
Новосибирск,3832177xxx,Ростелеком,383,+7
Новосибирск,3832178xxx,Ростелеком,383,+7
Новосибирск,3832179xxx,Ростелеком,383,+7
Новосибирск,383218xxxx,Ростелеком,383,+7
Новосибирск,383219xxxx,Ростелеком,383,+7
Новосибирск,3832200xxx,Ростелеком,383,+7
Новосибирск,3832201xxx,Ростелеком,383,+7
Новосибирск,3832202xxx,Ростелеком,383,+7
Новосибирск,3832203xxx,Ростелеком,383,+7
Новосибирск,3832204xxx,Ростелеком,383,+7
Новосибирск,38322052xx,Ростелеком,383,+7
Новосибирск,38322053xx,Ростелеком,383,+7
Новосибирск,38322054xx,Ростелеком,383,+7
Новосибирск,38322055xx,Ростелеком,383,+7
Новосибирск,38322056xx,Ростелеком,383,+7
Новосибирск,38322057xx,Ростелеком,383,+7
Новосибирск,38322058xx,Ростелеком,383,+7
Новосибирск,38322059xx,Ростелеком,383,+7
Новосибирск,3832206xxx,Ростелеком,383,+7
Новосибирск,3832207xxx,Ростелеком,383,+7
Новосибирск,3832208xxx,Ростелеком,383,+7
Новосибирск,3832209xxx,Ростелеком,383,+7
Новосибирск,383221xxxx,Ростелеком,383,+7
Новосибирск,383222xxxx,Ростелеком,383,+7
Новосибирск,383223xxxx,Ростелеком,383,+7
Новосибирск,383224xxxx,Ростелеком,383,+7
Новосибирск,383225xxxx,Ростелеком,383,+7
Новосибирск,383226xxxx,Ростелеком,383,+7
Новосибирск,3832270xxx,Ростелеком,383,+7
Новосибирск,3832271xxx,Ростелеком,383,+7
Новосибирск,3832272xxx,Ростелеком,383,+7
Новосибирск,3832273xxx,Ростелеком,383,+7
Новосибирск,3832274xxx,Ростелеком,383,+7
Новосибирск,3832275xxx,Ростелеком,383,+7
Новосибирск,383260xxxx,Ростелеком,383,+7
Новосибирск,383261xxxx,Ростелеком,383,+7
Новосибирск,383262xxxx,Ростелеком,383,+7
Новосибирск,383264xxxx,Ростелеком,383,+7
Новосибирск,383265xxxx,Ростелеком,383,+7
Новосибирск,383266xxxx,Ростелеком,383,+7
Новосибирск,383267xxxx,Ростелеком,383,+7
Новосибирск,383268xxxx,Ростелеком,383,+7
Новосибирск,3832690xxx,Ростелеком,383,+7
Новосибирск,3832691xxx,Ростелеком,383,+7
Новосибирск,3832692xxx,Ростелеком,383,+7
Новосибирск,3832693xxx,Ростелеком,383,+7
Новосибирск,3832694xxx,Ростелеком,383,+7
Новосибирск,3832695xxx,Ростелеком,383,+7
Новосибирск,3832696xxx,Ростелеком,383,+7
Новосибирск,38326970xx,Ростелеком,383,+7
Новосибирск,38326971xx,Ростелеком,383,+7
Новосибирск,38326972xx,Ростелеком,383,+7
Новосибирск,38326973xx,Ростелеком,383,+7
Новосибирск,38326989xx,Ростелеком,383,+7
Новосибирск,3832699xxx,Ростелеком,383,+7
Новосибирск,383270xxxx,Ростелеком,383,+7
Новосибирск,383271xxxx,Ростелеком,383,+7
Новосибирск,383272xxxx,Ростелеком,383,+7
Новосибирск,383273xxxx,Ростелеком,383,+7
Новосибирск,3832740xxx,Ростелеком,383,+7
Новосибирск,3832741xxx,Ростелеком,383,+7
Новосибирск,3832742xxx,Ростелеком,383,+7
Новосибирск,3832743xxx,Ростелеком,383,+7
Новосибирск,3832744xxx,Ростелеком,383,+7
Новосибирск,3832745xxx,Ростелеком,383,+7
Новосибирск,3832746xxx,Ростелеком,383,+7
Новосибирск,3832747xxx,Ростелеком,383,+7
Новосибирск,383293xxxx,Ростелеком,383,+7
Новосибирск,383294xxxx,Ростелеком,383,+7
Новосибирск,3832950xxx,Ростелеком,383,+7
Новосибирск,3832951xxx,Ростелеком,383,+7
Новосибирск,3832952xxx,Ростелеком,383,+7
Новосибирск,3832953xxx,Ростелеком,383,+7
Новосибирск,3832954xxx,Ростелеком,383,+7
Новосибирск,38329550xx,Ростелеком,383,+7
Новосибирск,38329551xx,Ростелеком,383,+7
Новосибирск,38329552xx,Ростелеком,383,+7
Новосибирск,38329553xx,Ростелеком,383,+7
Новосибирск,38329554xx,Ростелеком,383,+7
Новосибирск,3833316xxx,Ростелеком,383,+7
Новосибирск,3833317xxx,Ростелеком,383,+7
Новосибирск,3833318xxx,Ростелеком,383,+7
Новосибирск,3833319xxx,Ростелеком,383,+7
Новосибирск,383332xxxx,Ростелеком,383,+7
Новосибирск,383333xxxx,Ростелеком,383,+7
Новосибирск,38333997xx,Ростелеком,383,+7
Новосибирск,38333998xx,Ростелеком,383,+7
Новосибирск,38333999xx,Ростелеком,383,+7
Новосибирск,383340xxxx,Ростелеком,383,+7
Новосибирск,383341xxxx,Ростелеком,383,+7
Новосибирск,383342xxxx,Ростелеком,383,+7
Новосибирск,383343xxxx,Ростелеком,383,+7
Новосибирск,3833440xxx,Ростелеком,383,+7
Новосибирск,3833441xxx,Ростелеком,383,+7
Новосибирск,3833442xxx,Ростелеком,383,+7
Новосибирск,3833443xxx,Ростелеком,383,+7
Новосибирск,3833444xxx,Ростелеком,383,+7
Новосибирск,3833445xxx,Ростелеком,383,+7
Новосибирск,3833446xxx,Ростелеком,383,+7
Новосибирск,3833447xxx,Ростелеком,383,+7
Новосибирск,3833448xxx,Ростелеком,383,+7
Новосибирск,38334490xx,Ростелеком,383,+7
Новосибирск,38334491xx,Ростелеком,383,+7
Новосибирск,38334492xx,Ростелеком,383,+7
Новосибирск,38334493xx,Ростелеком,383,+7
Новосибирск,38334494xx,Ростелеком,383,+7
Новосибирск,383344950x,Ростелеком,383,+7
Новосибирск,383344951x,Ростелеком,383,+7
Новосибирск,383344952x,Ростелеком,383,+7
Новосибирск,383344953x,Ростелеком,383,+7
Новосибирск,383344954x,Ростелеком,383,+7
Новосибирск,383344955x,Ростелеком,383,+7
Новосибирск,3833499xxx,Ростелеком,383,+7
Новосибирск,383350xxxx,Ростелеком,383,+7
Новосибирск,383351xxxx,Ростелеком,383,+7
Новосибирск,383352xxxx,Ростелеком,383,+7
Новосибирск,383353xxxx,Ростелеком,383,+7
Новосибирск,3833540xxx,Ростелеком,383,+7
Новосибирск,3833541xxx,Ростелеком,383,+7
Новосибирск,3833542xxx,Ростелеком,383,+7
Новосибирск,3833543xxx,Ростелеком,383,+7
Новосибирск,3833544xxx,Ростелеком,383,+7
Новосибирск,3833545xxx,Ростелеком,383,+7
Новосибирск,3833546xxx,Ростелеком,383,+7
Новосибирск,3833547xxx,Ростелеком,383,+7
Новосибирск,3833548xxx,Ростелеком,383,+7
Новосибирск,38335490xx,Ростелеком,383,+7
Новосибирск,38335491xx,Ростелеком,383,+7
Новосибирск,38335492xx,Ростелеком,383,+7
Новосибирск,38335493xx,Ростелеком,383,+7
Новосибирск,38335494xx,Ростелеком,383,+7
Новосибирск,38335495xx,Ростелеком,383,+7
Новосибирск,38335496xx,Ростелеком,383,+7
Новосибирск,38335497xx,Ростелеком,383,+7
Новосибирск,383355xxxx,Ростелеком,383,+7
Новосибирск,383356xxxx,Ростелеком,383,+7
Новосибирск,383357xxxx,Ростелеком,383,+7
Екатеринбург,343254xxxx,Ростелеком,343,+7
Екатеринбург,343255xxxx,Ростелеком,343,+7
Екатеринбург,343256xxxx,Ростелеком,343,+7
Екатеринбург,343257xxxx,Ростелеком,343,+7
Екатеринбург,343258xxxx,Ростелеком,343,+7
Екатеринбург,3432590xxx,Ростелеком,343,+7
Екатеринбург,3432591xxx,Ростелеком,343,+7
Екатеринбург,3432592xxx,Ростелеком,343,+7
Екатеринбург,3432593xxx,Ростелеком,343,+7
Екатеринбург,3432594xxx,Ростелеком,343,+7
Екатеринбург,3432595xxx,Ростелеком,343,+7
Екатеринбург,3432596xxx,Ростелеком,343,+7
Екатеринбург,3432597xxx,Ростелеком,343,+7
Екатеринбург,34325980xx,Ростелеком,343,+7
Екатеринбург,34325981xx,Ростелеком,343,+7
Екатеринбург,34325982xx,Ростелеком,343,+7
Екатеринбург,34325983xx,Ростелеком,343,+7
Екатеринбург,34325984xx,Ростелеком,343,+7
Екатеринбург,34325985xx,Ростелеком,343,+7
Екатеринбург,34325986xx,Ростелеком,343,+7
Екатеринбург,3432705xxx,МТС,343,+7
Екатеринбург,3432706xxx,МТС,343,+7
Екатеринбург,3432707xxx,МТС,343,+7
Екатеринбург,3432708xxx,МТС,343,+7
Екатеринбург,3432709xxx,МТС,343,+7
Екатеринбург,343271xxxx,МТС,343,+7
Екатеринбург,343272xxxx,МТС,343,+7
Екатеринбург,343273xxxx,МТС,343,+7
Екатеринбург,343274xxxx,МТС,343,+7
Екатеринбург,343275xxxx,МТС,343,+7
Екатеринбург,343276xxxx,МТС,343,+7
Екатеринбург,343277xxxx,МТС,343,+7
Екатеринбург,3432780xxx,МТС,343,+7
Екатеринбург,3432781xxx,МТС,343,+7
Екатеринбург,34327820xx,МТС,343,+7
Екатеринбург,34327821xx,МТС,343,+7
Екатеринбург,34327822xx,МТС,343,+7
Екатеринбург,34327823xx,МТС,343,+7
Екатеринбург,34331145xx,Билайн,343,+7
Екатеринбург,34331146xx,Билайн,343,+7
Екатеринбург,34331147xx,Билайн,343,+7
Екатеринбург,34331148xx,Билайн,343,+7
Екатеринбург,34331149xx,Билайн,343,+7
Екатеринбург,3433115xxx,Билайн,343,+7
Екатеринбург,3433116xxx,Билайн,343,+7
Екатеринбург,3433117xxx,Билайн,343,+7
Екатеринбург,3433118xxx,Билайн,343,+7
Екатеринбург,3433119xxx,Билайн,343,+7
Екатеринбург,343312xxxx,Билайн,343,+7
Екатеринбург,343313xxxx,Билайн,343,+7
Екатеринбург,343314xxxx,Билайн,343,+7
Екатеринбург,343315xxxx,Билайн,343,+7
Екатеринбург,343320xxxx,Ростелеком,343,+7
Екатеринбург,343321xxxx,Ростелеком,343,+7
Екатеринбург,343322xxxx,Ростелеком,343,+7
Екатеринбург,343323xxxx,Ростелеком,343,+7
Екатеринбург,343324xxxx,Ростелеком,343,+7
Екатеринбург,343325xxxx,Ростелеком,343,+7
Екатеринбург,3433260xxx,Ростелеком,343,+7
Екатеринбург,3433261xxx,Ростелеком,343,+7
Екатеринбург,3433262xxx,Ростелеком,343,+7
Екатеринбург,3433263xxx,Ростелеком,343,+7
Екатеринбург,343330324x,Ростелеком,343,+7
Екатеринбург,343330325x,Ростелеком,343,+7
Екатеринбург,343330326x,Ростелеком,343,+7
Екатеринбург,343330327x,Ростелеком,343,+7
Екатеринбург,343330328x,Ростелеком,343,+7
Екатеринбург,343330329x,Ростелеком,343,+7
Екатеринбург,34333033xx,Ростелеком,343,+7
Екатеринбург,34333034xx,Ростелеком,343,+7
Екатеринбург,34333035xx,Ростелеком,343,+7
Екатеринбург,34333036xx,Ростелеком,343,+7
Екатеринбург,34333037xx,Ростелеком,343,+7
Екатеринбург,34333038xx,Ростелеком,343,+7
Екатеринбург,34333039xx,Ростелеком,343,+7
Екатеринбург,3433304xxx,Ростелеком,343,+7
Екатеринбург,3433305xxx,Ростелеком,343,+7
Екатеринбург,3433306xxx,Ростелеком,343,+7
Екатеринбург,3433307xxx,Ростелеком,343,+7
Екатеринбург,3433308xxx,Ростелеком,343,+7
Екатеринбург,3433309xxx,Ростелеком,343,+7
Екатеринбург,343331xxxx,Ростелеком,343,+7
Екатеринбург,343332xxxx,Ростелеком,343,+7
Екатеринбург,343333xxxx,Ростелеком,343,+7
Екатеринбург,343334xxxx,Ростелеком,343,+7
Екатеринбург,343335xxxx,Ростелеком,343,+7
Екатеринбург,3433360xxx,Ростелеком,343,+7
Екатеринбург,3433361xxx,Ростелеком,343,+7
Екатеринбург,3433362xxx,Ростелеком,343,+7
Екатеринбург,3433363xxx,Ростелеком,343,+7
Екатеринбург,3433364xxx,Ростелеком,343,+7
Екатеринбург,3433365xxx,Ростелеком,343,+7
Екатеринбург,343352xxxx,Ростелеком,343,+7
Екатеринбург,343353xxxx,Ростелеком,343,+7
Екатеринбург,343354xxxx,Ростелеком,343,+7
Екатеринбург,3433550xxx,Ростелеком,343,+7
Екатеринбург,3433551xxx,Ростелеком,343,+7
Екатеринбург,3433552xxx,Ростелеком,343,+7
Екатеринбург,3433553xxx,Ростелеком,343,+7
Екатеринбург,3433554xxx,Ростелеком,343,+7
Екатеринбург,3433555xxx,Ростелеком,343,+7
Екатеринбург,3433556xxx,Ростелеком,343,+7
Екатеринбург,3433557xxx,Ростелеком,343,+7
Екатеринбург,3433558xxx,Ростелеком,343,+7
Екатеринбург,343366xxxx,Ростелеком,343,+7
Екатеринбург,343367xxxx,Ростелеком,343,+7
Екатеринбург,343368xxxx,Ростелеком,343,+7
Екатеринбург,3433690xxx,Ростелеком,343,+7
Екатеринбург,3433691xxx,Ростелеком,343,+7
Екатеринбург,3433692xxx,Ростелеком,343,+7
Екатеринбург,3433693xxx,Ростелеком,343,+7
Екатеринбург,3433694xxx,Ростелеком,343,+7
Екатеринбург,3433695xxx,Ростелеком,343,+7
Екатеринбург,3433696xxx,Ростелеком,343,+7
Екатеринбург,3433697xxx,Ростелеком,343,+7
Екатеринбург,3433698xxx,Ростелеком,343,+7
Екатеринбург,34339xxxxx,Билайн,343,+7
Екатеринбург,343702xxxx,УЭХК-ТЕЛЕКОМ,343,+7
Екатеринбург,343703xxxx,УЭХК-ТЕЛЕКОМ,343,+7
Екатеринбург,343704xxxx,УЭХК-ТЕЛЕКОМ,343,+7
Екатеринбург,3437050xxx,УЭХК-ТЕЛЕКОМ,343,+7
Екатеринбург,343991xxxx,Ростелеком,343,+7
Екатеринбург,343992xxxx,Ростелеком,343,+7
Екатеринбург,343993xxxx,Ростелеком,343,+7
Екатеринбург,343994xxxx,Ростелеком,343,+7
Екатеринбург,343995xxxx,Ростелеком,343,+7
Екатеринбург,343996xxxx,Ростелеком,343,+7
Екатеринбург,343997xxxx,Ростелеком,343,+7
Екатеринбург,343998xxxx,Ростелеком,343,+7
Екатеринбург,343999xxxx,Ростелеком,343,+7
Нижний Новгород,83120xxxxx,Билайн,831,+7
Нижний Новгород,831221xxxx,Ростелеком,831,+7
Нижний Новгород,831222xxxx,Ростелеком,831,+7
Нижний Новгород,831223xxxx,Ростелеком,831,+7
Нижний Новгород,831224xxxx,Ростелеком,831,+7
Нижний Новгород,831225xxxx,Ростелеком,831,+7
Нижний Новгород,831226xxxx,Ростелеком,831,+7
Нижний Новгород,831227xxxx,Ростелеком,831,+7
Нижний Новгород,8312499xxx,Ростелеком,831,+7
Нижний Новгород,831250xxxx,Ростелеком,831,+7
Нижний Новгород,831251xxxx,Ростелеком,831,+7
Нижний Новгород,831252xxxx,Ростелеком,831,+7
Нижний Новгород,831253xxxx,Ростелеком,831,+7
Нижний Новгород,831254xxxx,Ростелеком,831,+7
Нижний Новгород,831255xxxx,Ростелеком,831,+7
Нижний Новгород,831256xxxx,Ростелеком,831,+7
Нижний Новгород,8312570xxx,Ростелеком,831,+7
Нижний Новгород,8312571xxx,Ростелеком,831,+7
Нижний Новгород,8312572xxx,Ростелеком,831,+7
Нижний Новгород,8312573xxx,Ростелеком,831,+7
Нижний Новгород,8312574xxx,Ростелеком,831,+7
Нижний Новгород,8312575xxx,Ростелеком,831,+7
Нижний Новгород,831268xxxx,Ростелеком,831,+7
Нижний Новгород,831269xxxx,Ростелеком,831,+7
Нижний Новгород,831270xxxx,Ростелеком,831,+7
Нижний Новгород,831271xxxx,Ростелеком,831,+7
Нижний Новгород,8312918xxx,Ростелеком,831,+7
Нижний Новгород,8312919xxx,Ростелеком,831,+7
Нижний Новгород,831292xxxx,Ростелеком,831,+7
Нижний Новгород,831293xxxx,Ростелеком,831,+7
Нижний Новгород,831294xxxx,Ростелеком,831,+7
Нижний Новгород,831295xxxx,Ростелеком,831,+7
Нижний Новгород,8313047xxx,Ростелеком,831,+7
Нижний Новгород,8313048xxx,Ростелеком,831,+7
Нижний Новгород,8313049xxx,Ростелеком,831,+7
Нижний Новгород,831305xxxx,Ростелеком,831,+7
Нижний Новгород,831306xxxx,Ростелеком,831,+7
Нижний Новгород,831307xxxx,Ростелеком,831,+7
Нижний Новгород,831320xxxx,Ростелеком,831,+7
Нижний Новгород,831321xxxx,Ростелеком,831,+7
Нижний Новгород,831322xxxx,Ростелеком,831,+7
Нижний Новгород,8313230xxx,Ростелеком,831,+7
Нижний Новгород,8313231xxx,Ростелеком,831,+7
Нижний Новгород,8313232xxx,Ростелеком,831,+7
Нижний Новгород,83132330xx,Ростелеком,831,+7
Нижний Новгород,83132331xx,Ростелеком,831,+7
Нижний Новгород,83132332xx,Ростелеком,831,+7
Нижний Новгород,83132333xx,Ростелеком,831,+7
Нижний Новгород,83132334xx,Ростелеком,831,+7
Нижний Новгород,831323350x,Ростелеком,831,+7
Нижний Новгород,831323351x,Ростелеком,831,+7
Нижний Новгород,831323352x,Ростелеком,831,+7
Нижний Новгород,831323353x,Ростелеком,831,+7
Нижний Новгород,831323354x,Ростелеком,831,+7
Нижний Новгород,831323355x,Ростелеком,831,+7
Нижний Новгород,831323356x,Ростелеком,831,+7
Нижний Новгород,831323357x,Ростелеком,831,+7
Нижний Новгород,8313233580,Ростелеком,831,+7
Нижний Новгород,8313233581,Ростелеком,831,+7
Нижний Новгород,8313233582,Ростелеком,831,+7
Нижний Новгород,8313233583,Ростелеком,831,+7
Нижний Новгород,831324xxxx,Ростелеком,831,+7
Нижний Новгород,831325xxxx,Ростелеком,831,+7
Нижний Новгород,831326xxxx,Ростелеком,831,+7
Нижний Новгород,831327xxxx,Ростелеком,831,+7
Нижний Новгород,831328xxxx,Ростелеком,831,+7
Нижний Новгород,831329xxxx,Ростелеком,831,+7
Нижний Новгород,83143195xx,Ростелеком,831,+7
Нижний Новгород,83143196xx,Ростелеком,831,+7
Нижний Новгород,83143197xx,Ростелеком,831,+7
Нижний Новгород,83143198xx,Ростелеком,831,+7
Нижний Новгород,83143199xx,Ростелеком,831,+7
Нижний Новгород,831432xxxx,Ростелеком,831,+7
Нижний Новгород,831433xxxx,Ростелеком,831,+7
Нижний Новгород,8314340xxx,Ростелеком,831,+7
Нижний Новгород,8314341xxx,Ростелеком,831,+7
Нижний Новгород,8314342xxx,Ростелеком,831,+7
Нижний Новгород,8314343xxx,Ростелеком,831,+7
Нижний Новгород,8314344xxx,Ростелеком,831,+7
Нижний Новгород,8314345xxx,Ростелеком,831,+7
Нижний Новгород,8314346xxx,Ростелеком,831,+7
Нижний Новгород,8314347xxx,Ростелеком,831,+7
Нижний Новгород,8314348xxx,Ростелеком,831,+7
Нижний Новгород,83143490xx,Ростелеком,831,+7
Нижний Новгород,83143491xx,Ростелеком,831,+7
Нижний Новгород,83143492xx,Ростелеком,831,+7
Нижний Новгород,83143493xx,Ростелеком,831,+7
Нижний Новгород,83143494xx,Ростелеком,831,+7
Нижний Новгород,83143495xx,Ростелеком,831,+7
Нижний Новгород,83143496xx,Ростелеком,831,+7
Нижний Новгород,83143497xx,Ростелеком,831,+7
Нижний Новгород,83143498xx,Ростелеком,831,+7
Нижний Новгород,831434990x,Ростелеком,831,+7
Нижний Новгород,831434991x,Ростелеком,831,+7
Нижний Новгород,8314349920,Ростелеком,831,+7
Нижний Новгород,8314349921,Ростелеком,831,+7
Нижний Новгород,8314349922,Ростелеком,831,+7
Нижний Новгород,8314349923,Ростелеком,831,+7
Нижний Новгород,8314349924,Ростелеком,831,+7
Нижний Новгород,8314349925,Ростелеком,831,+7
Нижний Новгород,8314349926,Ростелеком,831,+7
Нижний Новгород,8314349927,Ростелеком,831,+7
Нижний Новгород,831472xxxx,Ростелеком,831,+7
Нижний Новгород,831473xxxx,Ростелеком,831,+7
Нижний Новгород,831474xxxx,Ростелеком,831,+7
Нижний Новгород,831475xxxx,Ростелеком,831,+7
Нижний Новгород,8314760xxx,Ростелеком,831,+7
Нижний Новгород,8314761xxx,Ростелеком,831,+7
Нижний Новгород,8314762xxx,Ростелеком,831,+7
Нижний Новгород,83147630xx,Ростелеком,831,+7
Нижний Новгород,83147631xx,Ростелеком,831,+7
Нижний Новгород,83147632xx,Ростелеком,831,+7
Нижний Новгород,83147633xx,Ростелеком,831,+7
Нижний Новгород,83147634xx,Ростелеком,831,+7
Нижний Новгород,83147635xx,Ростелеком,831,+7
Нижний Новгород,831476360x,Ростелеком,831,+7
Нижний Новгород,831476361x,Ростелеком,831,+7
Нижний Новгород,831476362x,Ростелеком,831,+7
Нижний Новгород,831476363x,Ростелеком,831,+7
Нижний Новгород,831476364x,Ростелеком,831,+7
Нижний Новгород,831476365x,Ростелеком,831,+7
Нижний Новгород,831476366x,Ростелеком,831,+7
Нижний Новгород,831476367x,Ростелеком,831,+7
Самара,846201xxxx,ЭР-Телеком Холдинг,846,+7
Самара,846202xxxx,ЭР-Телеком Холдинг,846,+7
Самара,846203xxxx,ЭР-Телеком Холдинг,846,+7
Самара,846260xxxx,Ростелеком,846,+7
Самара,846261xxxx,Ростелеком,846,+7
Самара,846262xxxx,Ростелеком,846,+7
Самара,846263xxxx,Ростелеком,846,+7
Самара,8462640xxx,Ростелеком,846,+7
Самара,8462641xxx,Ростелеком,846,+7
Самара,8462642xxx,Ростелеком,846,+7
Самара,8462643xxx,Ростелеком,846,+7
Самара,8462644xxx,Ростелеком,846,+7
Самара,8462645xxx,Ростелеком,846,+7
Самара,8462646xxx,Ростелеком,846,+7
Самара,8462647xxx,Ростелеком,846,+7
Самара,84626480xx,Ростелеком,846,+7
Самара,84626481xx,Ростелеком,846,+7
Самара,84626482xx,Ростелеком,846,+7
Самара,84626483xx,Ростелеком,846,+7
Самара,84626484xx,Ростелеком,846,+7
Самара,84626485xx,Ростелеком,846,+7
Самара,846332xxxx,Ростелеком,846,+7
Самара,846333xxxx,Ростелеком,846,+7
Самара,846334xxxx,Ростелеком,846,+7
Самара,84633500xx,Ростелеком,846,+7
Самара,84633501xx,Ростелеком,846,+7
Самара,84633502xx,Ростелеком,846,+7
Самара,84633503xx,Ростелеком,846,+7
Самара,84633504xx,Ростелеком,846,+7
Самара,846336xxxx,Ростелеком,846,+7
Самара,846337xxxx,Ростелеком,846,+7
Самара,846338xxxx,Ростелеком,846,+7
Самара,84633900xx,Ростелеком,846,+7
Самара,84633901xx,Ростелеком,846,+7
Самара,84633902xx,Ростелеком,846,+7
Самара,84633903xx,Ростелеком,846,+7
Самара,84633904xx,Ростелеком,846,+7
Самара,84633905xx,Ростелеком,846,+7
Самара,846355xxxx,Ростелеком,846,+7
Самара,846356xxxx,Ростелеком,846,+7
Самара,8463570xxx,Ростелеком,846,+7
Самара,8463571xxx,Ростелеком,846,+7
Самара,8463572xxx,Ростелеком,846,+7
Самара,8463573xxx,Ростелеком,846,+7
Самара,8463574xxx,Ростелеком,846,+7
Самара,8463575xxx,Ростелеком,846,+7
Самара,8463576xxx,Ростелеком,846,+7
Самара,8463577xxx,Ростелеком,846,+7
Самара,84691xxxxx,Билайн,846,+7
Самара,846930xxxx,Ростелеком,846,+7
Самара,846931xxxx,Ростелеком,846,+7
Самара,846932xxxx,Ростелеком,846,+7
Самара,846933xxxx,Ростелеком,846,+7
Самара,846951xxxx,Ростелеком,846,+7
Самара,846952xxxx,Ростелеком,846,+7
Самара,846953xxxx,Ростелеком,846,+7
Самара,846954xxxx,Ростелеком,846,+7
Самара,8469550xxx,Ростелеком,846,+7
Самара,8469551xxx,Ростелеком,846,+7
Самара,8469552xxx,Ростелеком,846,+7
Самара,8469554xxx,Ростелеком,846,+7
Самара,8469555xxx,Ростелеком,846,+7
Самара,8469556xxx,Ростелеком,846,+7
Самара,8469557xxx,Ростелеком,846,+7
Самара,8469558xxx,Ростелеком,846,+7
Самара,8469559xxx,Ростелеком,846,+7
Самара,846956xxxx,Ростелеком,846,+7
Самара,846957xxxx,Ростелеком,846,+7
Самара,846958xxxx,Ростелеком,846,+7
Самара,846959xxxx,Ростелеком,846,+7
Самара,846989xxxx,МегаФон,846,+7
Самара,846990xxxx,МегаФон,846,+7
Самара,8469910xxx,МегаФон,846,+7
Самара,8469911xxx,МегаФон,846,+7
Самара,8469912xxx,МегаФон,846,+7
Самара,8469913xxx,МегаФон,846,+7
Самара,8469914xxx,МегаФон,846,+7
Казань,843246xxxx,Tele2,843,+7
Казань,843247xxxx,Tele2,843,+7
Казань,843248xxxx,Tele2,843,+7
Казань,843258xxxx,Билайн,843,+7
Казань,843259xxxx,Билайн,843,+7
Казань,843260xxxx,Билайн,843,+7
Казань,843262069x,Таттелеком,843,+7
Казань,84326207xx,Таттелеком,843,+7
Казань,84326208xx,Таттелеком,843,+7
Казань,84326209xx,Таттелеком,843,+7
Казань,8432621xxx,Таттелеком,843,+7
Казань,8432622xxx,Таттелеком,843,+7
Казань,8432623xxx,Таттелеком,843,+7
Казань,8432624xxx,Таттелеком,843,+7
Казань,8432625xxx,Таттелеком,843,+7
Казань,8432626xxx,Таттелеком,843,+7
Казань,8432627xxx,Таттелеком,843,+7
Казань,8432628xxx,Таттелеком,843,+7
Казань,8432629xxx,Таттелеком,843,+7
Казань,843263xxxx,Таттелеком,843,+7
Казань,8432640xxx,Таттелеком,843,+7
Казань,8432641xxx,Таттелеком,843,+7
Казань,8432642xxx,Таттелеком,843,+7
Казань,8432643xxx,Таттелеком,843,+7
Казань,8432644xxx,Таттелеком,843,+7
Казань,8432645xxx,Таттелеком,843,+7
Казань,8432646xxx,Таттелеком,843,+7
Казань,84326470xx,Таттелеком,843,+7
Казань,8432647100,Таттелеком,843,+7
Казань,8432647101,Таттелеком,843,+7
Казань,8432728453,Таттелеком,843,+7
Казань,8432728454,Таттелеком,843,+7
Казань,8432728455,Таттелеком,843,+7
Казань,8432728456,Таттелеком,843,+7
Казань,8432728457,Таттелеком,843,+7
Казань,8432728458,Таттелеком,843,+7
Казань,8432728459,Таттелеком,843,+7
Казань,843272846x,Таттелеком,843,+7
Казань,843272847x,Таттелеком,843,+7
Казань,843272848x,Таттелеком,843,+7
Казань,843272849x,Таттелеком,843,+7
Казань,84327285xx,Таттелеком,843,+7
Казань,84327286xx,Таттелеком,843,+7
Казань,84327287xx,Таттелеком,843,+7
Казань,84327288xx,Таттелеком,843,+7
Казань,84327289xx,Таттелеком,843,+7
Казань,8432729xxx,Таттелеком,843,+7
Казань,843273xxxx,Таттелеком,843,+7
Казань,843274xxxx,Таттелеком,843,+7
Казань,8432750xxx,Таттелеком,843,+7
Казань,8432751xxx,Таттелеком,843,+7
Казань,8432752xxx,Таттелеком,843,+7
Казань,8432753xxx,Таттелеком,843,+7
Казань,8432754xxx,Таттелеком,843,+7
Казань,8432755xxx,Таттелеком,843,+7
Казань,8432756xxx,Таттелеком,843,+7
Казань,8432757xxx,Таттелеком,843,+7
Казань,84327580xx,Таттелеком,843,+7
Казань,84327581xx,Таттелеком,843,+7
Казань,84327582xx,Таттелеком,843,+7
Казань,84327583xx,Таттелеком,843,+7
Казань,84327584xx,Таттелеком,843,+7
Казань,84327585xx,Таттелеком,843,+7
Казань,843275860x,Таттелеком,843,+7
Казань,843275861x,Таттелеком,843,+7
Казань,843275862x,Таттелеком,843,+7
Казань,843275863x,Таттелеком,843,+7
Казань,843275864x,Таттелеком,843,+7
Казань,8432758650,Таттелеком,843,+7
Казань,8432758651,Таттелеком,843,+7
Казань,843276xxxx,МТС,843,+7
Казань,843277xxxx,МТС,843,+7
Казань,843278xxxx,МТС,843,+7
Казань,843510xxxx,Ростелеком,843,+7
Казань,843511xxxx,Ростелеком,843,+7
Казань,843512xxxx,Ростелеком,843,+7
Казань,8435130xxx,Ростелеком,843,+7
Казань,84351310xx,Ростелеком,843,+7
Казань,84351311xx,Ростелеком,843,+7
Казань,8435134xxx,Ростелеком,843,+7
Казань,8435135xxx,Ростелеком,843,+7
Казань,8435136xxx,Ростелеком,843,+7
Казань,8435137xxx,Ростелеком,843,+7
Казань,8435138xxx,Ростелеком,843,+7
Казань,8435139xxx,Ростелеком,843,+7
Казань,843514xxxx,Ростелеком,843,+7
Казань,843515xxxx,Ростелеком,843,+7
Казань,843516xxxx,Ростелеком,843,+7
Казань,843517xxxx,Ростелеком,843,+7
Казань,843518xxxx,Ростелеком,843,+7
Казань,8435190xxx,Ростелеком,843,+7
Казань,8435191xxx,Ростелеком,843,+7
Казань,84351920xx,Ростелеком,843,+7
Казань,84351921xx,Ростелеком,843,+7
Казань,84351922xx,Ростелеком,843,+7
Казань,84351923xx,Ростелеком,843,+7
Казань,84351924xx,Ростелеком,843,+7
Казань,84351925xx,Ростелеком,843,+7
Казань,84351926xx,Ростелеком,843,+7
Казань,84351927xx,Ростелеком,843,+7
Казань,84351928xx,Ростелеком,843,+7
Казань,843520xxxx,Таттелеком,843,+7
Казань,843521xxxx,Таттелеком,843,+7
Казань,843522xxxx,Таттелеком,843,+7
Казань,843523xxxx,Таттелеком,843,+7
Казань,843543xxxx,Таттелеком,843,+7
Казань,843544xxxx,Таттелеком,843,+7
Казань,843545xxxx,Таттелеком,843,+7
Казань,8435610171,Таттелеком,843,+7
Казань,8435610172,Таттелеком,843,+7
Казань,8435610173,Таттелеком,843,+7
Казань,8435610174,Таттелеком,843,+7
Казань,8435610175,Таттелеком,843,+7
Казань,8435610176,Таттелеком,843,+7
Казань,8435610177,Таттелеком,843,+7
Казань,8435610178,Таттелеком,843,+7
Казань,8435610179,Таттелеком,843,+7
Казань,843561018x,Таттелеком,843,+7
Казань,843561019x,Таттелеком,843,+7
Казань,84356102xx,Таттелеком,843,+7
Казань,84356103xx,Таттелеком,843,+7
Казань,84356104xx,Таттелеком,843,+7
Казань,84356105xx,Таттелеком,843,+7
Казань,84356106xx,Таттелеком,843,+7
Казань,84356107xx,Таттелеком,843,+7
Казань,84356108xx,Таттелеком,843,+7
Казань,84356109xx,Таттелеком,843,+7
Казань,8435611xxx,Таттелеком,843,+7
Казань,8435612xxx,Таттелеком,843,+7
Казань,8435613xxx,Таттелеком,843,+7
Казань,8435614xxx,Таттелеком,843,+7
Казань,8435615xxx,Таттелеком,843,+7
Казань,8435616xxx,Таттелеком,843,+7
Казань,8435617xxx,Таттелеком,843,+7
Казань,8435618xxx,Таттелеком,843,+7
Казань,8435619xxx,Таттелеком,843,+7
Казань,843562xxxx,Таттелеком,843,+7
Казань,843563xxxx,Таттелеком,843,+7
Казань,8435640xxx,Таттелеком,843,+7
Казань,8435641xxx,Таттелеком,843,+7
Казань,8435642xxx,Таттелеком,843,+7
Казань,8435643xxx,Таттелеком,843,+7
Казань,8435644xxx,Таттелеком,843,+7
Казань,8435645xxx,Таттелеком,843,+7
Казань,8435646xxx,Таттелеком,843,+7
Казань,8435647xxx,Таттелеком,843,+7
Казань,84356480xx,Таттелеком,843,+7
Казань,84356481xx,Таттелеком,843,+7
Казань,84356482xx,Таттелеком,843,+7
Казань,84356483xx,Таттелеком,843,+7
Казань,84356484xx,Таттелеком,843,+7
Казань,84356485xx,Таттелеком,843,+7
Казань,84356486xx,Таттелеком,843,+7
Казань,84356487xx,Таттелеком,843,+7
Казань,8435648800,Таттелеком,843,+7
Казань,8435648801,Таттелеком,843,+7
Казань,8435648802,Таттелеком,843,+7
Казань,8435648803,Таттелеком,843,+7
Казань,8435648804,Таттелеком,843,+7
Казань,8435648805,Таттелеком,843,+7
Казань,8435648806,Таттелеком,843,+7
Казань,8435648807,Таттелеком,843,+7
Омск,381222xxxx,Ростелеком,381,+7
Омск,381223xxxx,Ростелеком,381,+7
Омск,381224xxxx,Ростелеком,381,+7
Омск,381225xxxx,Ростелеком,381,+7
Омск,381226xxxx,Ростелеком,381,+7
Омск,3812270xxx,Ростелеком,381,+7
Омск,3812271xxx,Ростелеком,381,+7
Омск,381231xxxx,Ростелеком,381,+7
Омск,381232xxxx,Ростелеком,381,+7
Омск,381241xxxx,Ростелеком,381,+7
Омск,381242xxxx,Ростелеком,381,+7
Омск,3812430xxx,Ростелеком,381,+7
Омск,3812431xxx,Ростелеком,381,+7
Омск,38124320xx,Ростелеком,381,+7
Омск,381243210x,Ростелеком,381,+7
Омск,381243211x,Ростелеком,381,+7
Омск,381243212x,Ростелеком,381,+7
Омск,381243213x,Ростелеком,381,+7
Омск,381243214x,Ростелеком,381,+7
Омск,381243215x,Ростелеком,381,+7
Омск,3812432160,Ростелеком,381,+7
Омск,3812432161,Ростелеком,381,+7
Омск,3812432162,Ростелеком,381,+7
Омск,3812432163,Ростелеком,381,+7
Омск,3812432164,Ростелеком,381,+7
Омск,3812432165,Ростелеком,381,+7
Омск,3812432166,Ростелеком,381,+7
Омск,3812432167,Ростелеком,381,+7
Омск,381245xxxx,Ростелеком,381,+7
Омск,381246xxxx,Ростелеком,381,+7
Омск,381247xxxx,Tele2,381,+7
Омск,381248xxxx,Tele2,381,+7
Омск,381249xxxx,Tele2,381,+7
Омск,381250xxxx,Tele2,381,+7
Омск,381252xxxx,Ростелеком,381,+7
Омск,381253xxxx,Ростелеком,381,+7
Омск,381254xxxx,Ростелеком,381,+7
Омск,381255xxxx,Ростелеком,381,+7
Омск,381256xxxx,Ростелеком,381,+7
Омск,381257xxxx,Ростелеком,381,+7
Омск,3812580xxx,Ростелеком,381,+7
Омск,3812581xxx,Ростелеком,381,+7
Омск,381260xxxx,Ростелеком,381,+7
Омск,381261xxxx,Ростелеком,381,+7
Омск,381262xxxx,Ростелеком,381,+7
Омск,3812630xxx,Ростелеком,381,+7
Омск,3812631xxx,Ростелеком,381,+7
Омск,38126320xx,Ростелеком,381,+7
Омск,38126321xx,Ростелеком,381,+7
Омск,38126322xx,Ростелеком,381,+7
Омск,38126323xx,Ростелеком,381,+7
Омск,38126324xx,Ростелеком,381,+7
Омск,38126325xx,Ростелеком,381,+7
Омск,38126326xx,Ростелеком,381,+7
Омск,38126327xx,Ростелеком,381,+7
Омск,381264xxxx,Ростелеком,381,+7
Омск,381265xxxx,Ростелеком,381,+7
Омск,381270xxxx,Ростелеком,381,+7
Омск,381271xxxx,Ростелеком,381,+7
Омск,381272xxxx,Ростелеком,381,+7
Омск,3812730xxx,Ростелеком,381,+7
Омск,3812731xxx,Ростелеком,381,+7
Омск,3812732xxx,Ростелеком,381,+7
Омск,3812733xxx,Ростелеком,381,+7
Омск,38127340xx,Ростелеком,381,+7
Омск,38127341xx,Ростелеком,381,+7
Омск,38127342xx,Ростелеком,381,+7
Омск,38127343xx,Ростелеком,381,+7
Омск,38127344xx,Ростелеком,381,+7
Омск,38127345xx,Ростелеком,381,+7
Омск,3812738xxx,Ростелеком,381,+7
Омск,3812739xxx,Ростелеком,381,+7
Омск,381274xxxx,Ростелеком,381,+7
Омск,381275xxxx,Ростелеком,381,+7
Омск,381276xxxx,Ростелеком,381,+7
Омск,38127700xx,Ростелеком,381,+7
Омск,38127701xx,Ростелеком,381,+7
Омск,38127702xx,Ростелеком,381,+7
Омск,38127703xx,Ростелеком,381,+7
Омск,38127704xx,Ростелеком,381,+7
Челябинск,351251xxxx,Ростелеком,351,+7
Челябинск,351252xxxx,Ростелеком,351,+7
Челябинск,351253xxxx,Ростелеком,351,+7
Челябинск,351254xxxx,Ростелеком,351,+7
Челябинск,3512550xxx,Ростелеком,351,+7
Челябинск,3512551xxx,Ростелеком,351,+7
Челябинск,3512552xxx,Ростелеком,351,+7
Челябинск,3512553xxx,Ростелеком,351,+7
Челябинск,3512554xxx,Ростелеком,351,+7
Челябинск,35125977xx,Ростелеком,351,+7
Челябинск,35125978xx,Ростелеком,351,+7
Челябинск,35125979xx,Ростелеком,351,+7
Челябинск,3512598xxx,Ростелеком,351,+7
Челябинск,3512599xxx,Ростелеком,351,+7
Челябинск,351260xxxx,Ростелеком,351,+7
Челябинск,351261xxxx,Ростелеком,351,+7
Челябинск,351262xxxx,Ростелеком,351,+7
Челябинск,351263xxxx,Ростелеком,351,+7
Челябинск,351264xxxx,Ростелеком,351,+7
Челябинск,351265xxxx,Ростелеком,351,+7
Челябинск,351266xxxx,Ростелеком,351,+7
Челябинск,3512670xxx,Ростелеком,351,+7
Челябинск,35126710xx,Ростелеком,351,+7
Челябинск,35126711xx,Ростелеком,351,+7
Челябинск,35126712xx,Ростелеком,351,+7
Челябинск,35126713xx,Ростелеком,351,+7
Челябинск,35126714xx,Ростелеком,351,+7
Челябинск,35126715xx,Ростелеком,351,+7
Челябинск,35126716xx,Ростелеком,351,+7
Челябинск,35126717xx,Ростелеком,351,+7
Челябинск,351280xxxx,Ростелеком,351,+7
Челябинск,351281xxxx,Ростелеком,351,+7
Челябинск,351282xxxx,Ростелеком,351,+7
Челябинск,351283xxxx,Ростелеком,351,+7
Челябинск,351352xxxx,Ростелеком,351,+7
Челябинск,351353xxxx,Ростелеком,351,+7
Челябинск,351354xxxx,Ростелеком,351,+7
Челябинск,351355xxxx,Ростелеком,351,+7
Челябинск,3513560xxx,Ростелеком,351,+7
Челябинск,35135610xx,Ростелеком,351,+7
Челябинск,35135611xx,Ростелеком,351,+7
Челябинск,35135612xx,Ростелеком,351,+7
Челябинск,35135613xx,Ростелеком,351,+7
Челябинск,35135614xx,Ростелеком,351,+7
Челябинск,35135615xx,Ростелеком,351,+7
Челябинск,35135616xx,Ростелеком,351,+7
Челябинск,35135617xx,Ростелеком,351,+7
Челябинск,351733xxxx,Ростелеком,351,+7
Челябинск,351734xxxx,Ростелеком,351,+7
Челябинск,351735xxxx,Ростелеком,351,+7
Челябинск,351736xxxx,Ростелеком,351,+7
Челябинск,351737xxxx,Ростелеком,351,+7
Челябинск,351772xxxx,Ростелеком,351,+7
Челябинск,351773xxxx,Ростелеком,351,+7
Челябинск,351774xxxx,Ростелеком,351,+7
Челябинск,351775xxxx,Ростелеком,351,+7
Челябинск,351790xxxx,Ростелеком,351,+7
Челябинск,351791xxxx,Ростелеком,351,+7
Челябинск,351792xxxx,Ростелеком,351,+7
Челябинск,351793xxxx,Ростелеком,351,+7
Челябинск,351794xxxx,Ростелеком,351,+7
Челябинск,35190xxxxx,Tele2,351,+7
Челябинск,351920xxxx,Ростелеком,351,+7
Челябинск,351921xxxx,Ростелеком,351,+7
Челябинск,351922xxxx,Ростелеком,351,+7
Челябинск,351923xxxx,Ростелеком,351,+7
Челябинск,35192998xx,Ростелеком,351,+7
Челябинск,35192999xx,Ростелеком,351,+7
Челябинск,351930xxxx,Ростелеком,351,+7
Челябинск,351931xxxx,Ростелеком,351,+7
Челябинск,351932xxxx,Ростелеком,351,+7
Челябинск,351933xxxx,Ростелеком,351,+7
Челябинск,351934xxxx,Ростелеком,351,+7
Челябинск,351935xxxx,Ростелеком,351,+7
Челябинск,3519360xxx,Ростелеком,351,+7
Челябинск,3519361xxx,Ростелеком,351,+7
Челябинск,3519362xxx,Ростелеком,351,+7
Челябинск,3519363xxx,Ростелеком,351,+7
Ростов-на-Дону,863210xxxx,Ростелеком,863,+7
Ростов-на-Дону,863211xxxx,Ростелеком,863,+7
Ростов-на-Дону,863212xxxx,Ростелеком,863,+7
Ростов-на-Дону,863213xxxx,Ростелеком,863,+7
Ростов-на-Дону,863214xxxx,Ростелеком,863,+7
Ростов-на-Дону,863215xxxx,Ростелеком,863,+7
Ростов-на-Дону,863216xxxx,Ростелеком,863,+7
Ростов-на-Дону,863217xxxx,Ростелеком,863,+7
Ростов-на-Дону,863231xxxx,Ростелеком,863,+7
Ростов-на-Дону,863232xxxx,Ростелеком,863,+7
Ростов-на-Дону,863233xxxx,Ростелеком,863,+7
Ростов-на-Дону,863234xxxx,Ростелеком,863,+7
Ростов-на-Дону,863235xxxx,Ростелеком,863,+7
Ростов-на-Дону,863242xxxx,Ростелеком,863,+7
Ростов-на-Дону,863243xxxx,Ростелеком,863,+7
Ростов-на-Дону,863244xxxx,Ростелеком,863,+7
Ростов-на-Дону,863245xxxx,Ростелеком,863,+7
Ростов-на-Дону,8632465xxx,Ростелеком,863,+7
Ростов-на-Дону,8632466xxx,Ростелеком,863,+7
Ростов-на-Дону,8632467xxx,Ростелеком,863,+7
Ростов-на-Дону,8632468xxx,Ростелеком,863,+7
Ростов-на-Дону,8632469xxx,Ростелеком,863,+7
Ростов-на-Дону,863247xxxx,Ростелеком,863,+7
Ростов-на-Дону,863248xxxx,Ростелеком,863,+7
Ростов-на-Дону,8632490xxx,Ростелеком,863,+7
Ростов-на-Дону,8632491xxx,Ростелеком,863,+7
Ростов-на-Дону,8632492xxx,Ростелеком,863,+7
Ростов-на-Дону,8632493xxx,Ростелеком,863,+7
Ростов-на-Дону,8632494xxx,Ростелеком,863,+7
Ростов-на-Дону,8632495xxx,Ростелеком,863,+7
Ростов-на-Дону,8632496xxx,Ростелеком,863,+7
Ростов-на-Дону,8632497xxx,Ростелеком,863,+7
Ростов-на-Дону,8632498xxx,Ростелеком,863,+7
Ростов-на-Дону,863251xxxx,Ростелеком,863,+7
Ростов-на-Дону,863252xxxx,Ростелеком,863,+7
Ростов-на-Дону,863253xxxx,Ростелеком,863,+7
Ростов-на-Дону,863254xxxx,Ростелеком,863,+7
Ростов-на-Дону,863283xxxx,Ростелеком,863,+7
Ростов-на-Дону,863284xxxx,Ростелеком,863,+7
Ростов-на-Дону,863285xxxx,Ростелеком,863,+7
Ростов-на-Дону,863286xxxx,Ростелеком,863,+7
Ростов-на-Дону,863287xxxx,Ростелеком,863,+7
Ростов-на-Дону,863288xxxx,Ростелеком,863,+7
Ростов-на-Дону,863289xxxx,Ростелеком,863,+7
Ростов-на-Дону,863290xxxx,МТС,863,+7
Ростов-на-Дону,863291xxxx,МТС,863,+7
Ростов-на-Дону,863292xxxx,МТС,863,+7
Ростов-на-Дону,863297xxxx,МТС,863,+7
Ростов-на-Дону,863298xxxx,МТС,863,+7
Ростов-на-Дону,863299xxxx,МТС,863,+7
Ростов-на-Дону,863300xxxx,МТС,863,+7
Ростов-на-Дону,863460xxxx,Ростелеком,863,+7
Ростов-на-Дону,863461xxxx,Ростелеком,863,+7
Ростов-на-Дону,863462xxxx,Ростелеком,863,+7
Ростов-на-Дону,863925xxxx,Ростелеком,863,+7
Ростов-на-Дону,863926xxxx,Ростелеком,863,+7
Ростов-на-Дону,863927xxxx,Ростелеком,863,+7
Уфа,347217xxxx,Башинформсвязь,347,+7
Уфа,347218xxxx,Башинформсвязь,347,+7
Уфа,347219xxxx,Башинформсвязь,347,+7
Уфа,3472299002,Башинформсвязь,347,+7
Уфа,3472299003,Башинформсвязь,347,+7
Уфа,3472299004,Башинформсвязь,347,+7
Уфа,3472299005,Башинформсвязь,347,+7
Уфа,3472299006,Башинформсвязь,347,+7
Уфа,3472299007,Башинформсвязь,347,+7
Уфа,3472299008,Башинформсвязь,347,+7
Уфа,3472299009,Башинформсвязь,347,+7
Уфа,347229901x,Башинформсвязь,347,+7
Уфа,347229902x,Башинформсвязь,347,+7
Уфа,347229903x,Башинформсвязь,347,+7
Уфа,347229904x,Башинформсвязь,347,+7
Уфа,347229905x,Башинформсвязь,347,+7
Уфа,347229906x,Башинформсвязь,347,+7
Уфа,347229907x,Башинформсвязь,347,+7
Уфа,347229908x,Башинформсвязь,347,+7
Уфа,347229909x,Башинформсвязь,347,+7
Уфа,34722991xx,Башинформсвязь,347,+7
Уфа,34722992xx,Башинформсвязь,347,+7
Уфа,34722993xx,Башинформсвязь,347,+7
Уфа,34722994xx,Башинформсвязь,347,+7
Уфа,34722995xx,Башинформсвязь,347,+7
Уфа,34722996xx,Башинформсвязь,347,+7
Уфа,34722997xx,Башинформсвязь,347,+7
Уфа,34722998xx,Башинформсвязь,347,+7
Уфа,34722999xx,Башинформсвязь,347,+7
Уфа,347230xxxx,Башинформсвязь,347,+7
Уфа,347231xxxx,Башинформсвязь,347,+7
Уфа,347232xxxx,Башинформсвязь,347,+7
Уфа,347233xxxx,Башинформсвязь,347,+7
Уфа,347234xxxx,Башинформсвязь,347,+7
Уфа,3472350xxx,Башинформсвязь,347,+7
Уфа,3472351xxx,Башинформсвязь,347,+7
Уфа,3472352xxx,Башинформсвязь,347,+7
Уфа,3472353xxx,Башинформсвязь,347,+7
Уфа,3472354xxx,Башинформсвязь,347,+7
Уфа,3472355xxx,Башинформсвязь,347,+7
Уфа,34723560xx,Башинформсвязь,347,+7
Уфа,34723561xx,Башинформсвязь,347,+7
Уфа,34723562xx,Башинформсвязь,347,+7
Уфа,34723563xx,Башинформсвязь,347,+7
Уфа,34723564xx,Башинформсвязь,347,+7
Уфа,34723565xx,Башинформсвязь,347,+7
Уфа,34723566xx,Башинформсвязь,347,+7
Уфа,34723567xx,Башинформсвязь,347,+7
Уфа,347235680x,Башинформсвязь,347,+7
Уфа,3472356810,Башинформсвязь,347,+7
Уфа,3472356811,Башинформсвязь,347,+7
Уфа,3472356812,Башинформсвязь,347,+7
Уфа,3472356813,Башинформсвязь,347,+7
Уфа,3472356814,Башинформсвязь,347,+7
Уфа,3472374801,Башинформсвязь,347,+7
Уфа,3472374802,Башинформсвязь,347,+7
Уфа,3472374803,Башинформсвязь,347,+7
Уфа,3472374804,Башинформсвязь,347,+7
Уфа,3472374805,Башинформсвязь,347,+7
Уфа,3472374806,Башинформсвязь,347,+7
Уфа,3472374807,Башинформсвязь,347,+7
Уфа,3472374808,Башинформсвязь,347,+7
Уфа,3472374809,Башинформсвязь,347,+7
Уфа,347237481x,Башинформсвязь,347,+7
Уфа,347237482x,Башинформсвязь,347,+7
Уфа,347237483x,Башинформсвязь,347,+7
Уфа,347237484x,Башинформсвязь,347,+7
Уфа,347237485x,Башинформсвязь,347,+7
Уфа,347237486x,Башинформсвязь,347,+7
Уфа,347237487x,Башинформсвязь,347,+7
Уфа,347237488x,Башинформсвязь,347,+7
Уфа,347237489x,Башинформсвязь,347,+7
Уфа,34723749xx,Башинформсвязь,347,+7
Уфа,3472375xxx,Башинформсвязь,347,+7
Уфа,3472376xxx,Башинформсвязь,347,+7
Уфа,3472377xxx,Башинформсвязь,347,+7
Уфа,3472378xxx,Башинформсвязь,347,+7
Уфа,3472379xxx,Башинформсвязь,347,+7
Уфа,347238xxxx,Башинформсвязь,347,+7
Уфа,347239xxxx,Башинформсвязь,347,+7
Уфа,347240xxxx,Башинформсвязь,347,+7
Уфа,3472410xxx,Башинформсвязь,347,+7
Уфа,3472411xxx,Башинформсвязь,347,+7
Уфа,34724120xx,Башинформсвязь,347,+7
Уфа,34724121xx,Башинформсвязь,347,+7
Уфа,34724122xx,Башинформсвязь,347,+7
Уфа,34724123xx,Башинформсвязь,347,+7
Уфа,34724124xx,Башинформсвязь,347,+7
Уфа,34724125xx,Башинформсвязь,347,+7
Уфа,34724126xx,Башинформсвязь,347,+7
Уфа,34724127xx,Башинформсвязь,347,+7
Уфа,34724128xx,Башинформсвязь,347,+7
Уфа,347241290x,Башинформсвязь,347,+7
Уфа,347241291x,Башинформсвязь,347,+7
Уфа,347241292x,Башинформсвязь,347,+7
Уфа,347241293x,Башинформсвязь,347,+7
Уфа,347241294x,Башинформсвязь,347,+7
Уфа,347241295x,Башинформсвязь,347,+7
Уфа,347241296x,Башинформсвязь,347,+7
Уфа,3472412970,Башинформсвязь,347,+7
Уфа,3472412971,Башинформсвязь,347,+7
Уфа,3472412972,Башинформсвязь,347,+7
Уфа,3472412973,Башинформсвязь,347,+7
Уфа,3472412974,Башинформсвязь,347,+7
Уфа,3472412975,Башинформсвязь,347,+7
Уфа,3472412977,Башинформсвязь,347,+7
Уфа,3472412978,Башинформсвязь,347,+7
Уфа,3472412979,Башинформсвязь,347,+7
Уфа,347241298x,Башинформсвязь,347,+7
Уфа,347241299x,Башинформсвязь,347,+7
Уфа,3472413xxx,Башинформсвязь,347,+7
Уфа,3472414xxx,Башинформсвязь,347,+7
Уфа,3472415xxx,Башинформсвязь,347,+7
Уфа,3472416xxx,Башинформсвязь,347,+7
Уфа,3472417xxx,Башинформсвязь,347,+7
Уфа,3472418xxx,Башинформсвязь,347,+7
Уфа,3472419xxx,Башинформсвязь,347,+7
Уфа,347242xxxx,Башинформсвязь,347,+7
Уфа,347243xxxx,Башинформсвязь,347,+7
Уфа,347244xxxx,Башинформсвязь,347,+7
Уфа,3472450xxx,Башинформсвязь,347,+7
Уфа,3472451xxx,Башинформсвязь,347,+7
Уфа,3472452xxx,Башинформсвязь,347,+7
Уфа,3472453xxx,Башинформсвязь,347,+7
Уфа,3472454xxx,Башинформсвязь,347,+7
Уфа,3472455xxx,Башинформсвязь,347,+7
Уфа,3472456xxx,Башинформсвязь,347,+7
Уфа,3472457xxx,Башинформсвязь,347,+7
Уфа,3472458xxx,Башинформсвязь,347,+7
Уфа,34724590xx,Башинформсвязь,347,+7
Уфа,34724591xx,Башинформсвязь,347,+7
Уфа,34724592xx,Башинформсвязь,347,+7
Уфа,34724593xx,Башинформсвязь,347,+7
Уфа,34724594xx,Башинформсвязь,347,+7
Уфа,34724595xx,Башинформсвязь,347,+7
Уфа,34724596xx,Башинформсвязь,347,+7
Уфа,34724597xx,Башинформсвязь,347,+7
Уфа,34724598xx,Башинформсвязь,347,+7
Уфа,347245990x,Башинформсвязь,347,+7
Уфа,347245991x,Башинформсвязь,347,+7
Уфа,347245992x,Башинформсвязь,347,+7
Уфа,347245993x,Башинформсвязь,347,+7
Уфа,347245994x,Башинформсвязь,347,+7
Уфа,347245995x,Башинформсвязь,347,+7
Уфа,347245996x,Башинформсвязь,347,+7
Уфа,347245997x,Башинформсвязь,347,+7
Уфа,347245998x,Башинформсвязь,347,+7
Уфа,3472459990,Башинформсвязь,347,+7
Уфа,3472459991,Башинформсвязь,347,+7
Уфа,3472459992,Башинформсвязь,347,+7
Уфа,3472459993,Башинформсвязь,347,+7
Уфа,3472459994,Башинформсвязь,347,+7
Уфа,3472459995,Башинформсвязь,347,+7
Уфа,3472459996,Башинформсвязь,347,+7
Уфа,3472459997,Башинформсвязь,347,+7
Уфа,3472459998,Башинформсвязь,347,+7
Уфа,3472459999,Башинформсвязь,347,+7
Уфа,347247xxxx,Башинформсвязь,347,+7
Уфа,347248xxxx,Башинформсвязь,347,+7
Уфа,347259xxxx,Башинформсвязь,347,+7
Уфа,347260xxxx,Башинформсвязь,347,+7
Уфа,3472610xxx,Башинформсвязь,347,+7
Уфа,3472611xxx,Башинформсвязь,347,+7
Уфа,347261200x,Башинформсвязь,347,+7
Уфа,347261201x,Башинформсвязь,347,+7
Уфа,347261202x,Башинформсвязь,347,+7
Уфа,347261203x,Башинформсвязь,347,+7
Уфа,347261204x,Башинформсвязь,347,+7
Уфа,347261205x,Башинформсвязь,347,+7
Уфа,347261206x,Башинформсвязь,347,+7
Уфа,347261207x,Башинформсвязь,347,+7
Уфа,347279999x,Башинформсвязь,347,+7
Уфа,347280xxxx,Башинформсвязь,347,+7
Уфа,347281xxxx,Башинформсвязь,347,+7
Уфа,347282xxxx,Башинформсвязь,347,+7
Уфа,347283xxxx,Башинформсвязь,347,+7
Уфа,347284xxxx,Башинформсвязь,347,+7
Уфа,347285xxxx,Уфанет,347,+7
Уфа,347286xxxx,Уфанет,347,+7
Уфа,347287xxxx,Уфанет,347,+7
Уфа,3472959999,МТС,347,+7
Уфа,347296xxxx,МТС,347,+7
Уфа,3472970xxx,МТС,347,+7
Уфа,3472971xxx,МТС,347,+7
Уфа,3472972xxx,МТС,347,+7
Уфа,3472973xxx,МТС,347,+7
Уфа,3472974xxx,МТС,347,+7
Уфа,3472975xxx,МТС,347,+7
Уфа,3472976xxx,МТС,347,+7
Уфа,3472977xxx,МТС,347,+7
Уфа,3472978xxx,МТС,347,+7
Уфа,34729790xx,МТС,347,+7
Уфа,34729791xx,МТС,347,+7
Уфа,34729792xx,МТС,347,+7
Уфа,34729793xx,МТС,347,+7
Уфа,34729794xx,МТС,347,+7
Уфа,34729795xx,МТС,347,+7
Уфа,34729796xx,МТС,347,+7
Уфа,34729797xx,МТС,347,+7
Уфа,34729798xx,МТС,347,+7
Уфа,347297990x,МТС,347,+7
Уфа,347297991x,МТС,347,+7
Уфа,347297992x,МТС,347,+7
Уфа,347297993x,МТС,347,+7
Уфа,347297994x,МТС,347,+7
Уфа,347297995x,МТС,347,+7
Уфа,347297996x,МТС,347,+7
Уфа,347297997x,МТС,347,+7
Уфа,347297998x,МТС,347,+7
Уфа,3472979990,МТС,347,+7
Уфа,3472979991,МТС,347,+7
Уфа,3472979992,МТС,347,+7
Уфа,3472979993,МТС,347,+7
Уфа,3472979994,МТС,347,+7
Уфа,3472979995,МТС,347,+7
Уфа,3472979996,МТС,347,+7
Уфа,3472979997,МТС,347,+7
Уфа,3472979998,МТС,347,+7
Уфа,3472979999,МТС,347,+7
Уфа,347298xxxx,Билайн,347,+7
Уфа,347299xxxx,Билайн,347,+7
Пермь,342221xxxx,Ростелеком,342,+7
Пермь,342222xxxx,Ростелеком,342,+7
Пермь,342223xxxx,Ростелеком,342,+7
Пермь,342224xxxx,Ростелеком,342,+7
Пермь,3422277xxx,Ростелеком,342,+7
Пермь,3422278xxx,Ростелеком,342,+7
Пермь,3422279xxx,Ростелеком,342,+7
Пермь,342228xxxx,Ростелеком,342,+7
Пермь,342229xxxx,Ростелеком,342,+7
Пермь,342231xxxx,Ростелеком,342,+7
Пермь,342232xxxx,Ростелеком,342,+7
Пермь,3422330xxx,Ростелеком,342,+7
Пермь,3422331xxx,Ростелеком,342,+7
Пермь,3422332xxx,Ростелеком,342,+7
Пермь,3422333xxx,Ростелеком,342,+7
Пермь,3422334xxx,Ростелеком,342,+7
Пермь,3422335xxx,Ростелеком,342,+7
Пермь,3422359xxx,Ростелеком,342,+7
Пермь,342236xxxx,Ростелеком,342,+7
Пермь,342237xxxx,Ростелеком,342,+7
Пермь,3422380xxx,Ростелеком,342,+7
Пермь,3422381xxx,Ростелеком,342,+7
Пермь,3422382xxx,Ростелеком,342,+7
Пермь,3422383xxx,Ростелеком,342,+7
Пермь,3422384xxx,Ростелеком,342,+7
Пермь,34223850xx,Ростелеком,342,+7
Пермь,34223851xx,Ростелеком,342,+7
Пермь,34223852xx,Ростелеком,342,+7
Пермь,34223853xx,Ростелеком,342,+7
Пермь,342251xxxx,Ростелеком,342,+7
Пермь,342252xxxx,Ростелеком,342,+7
Пермь,34225300xx,Ростелеком,342,+7
Пермь,34225301xx,Ростелеком,342,+7
Пермь,34225302xx,Ростелеком,342,+7
Пермь,34225303xx,Ростелеком,342,+7
Пермь,34226405xx,Ростелеком,342,+7
Пермь,34226406xx,Ростелеком,342,+7
Пермь,34226407xx,Ростелеком,342,+7
Пермь,34226408xx,Ростелеком,342,+7
Пермь,34226409xx,Ростелеком,342,+7
Пермь,3422641xxx,Ростелеком,342,+7
Пермь,3422642xxx,Ростелеком,342,+7
Пермь,3422643xxx,Ростелеком,342,+7
Пермь,3422644xxx,Ростелеком,342,+7
Пермь,3422645xxx,Ростелеком,342,+7
Пермь,3422646xxx,Ростелеком,342,+7
Пермь,3422647xxx,Ростелеком,342,+7
Пермь,3422648xxx,Ростелеком,342,+7
Пермь,3422649xxx,Ростелеком,342,+7
Пермь,342265xxxx,Ростелеком,342,+7
Пермь,342266xxxx,Ростелеком,342,+7
Пермь,342267xxxx,Ростелеком,342,+7
Пермь,342268xxxx,Ростелеком,342,+7
Пермь,342269xxxx,Ростелеком,342,+7
Пермь,3422700xxx,Ростелеком,342,+7
Пермь,3422701xxx,Ростелеком,342,+7
Пермь,3422702xxx,Ростелеком,342,+7
Пермь,3422703xxx,Ростелеком,342,+7
Пермь,342276xxxx,Tele2,342,+7
Пермь,342277xxxx,Tele2,342,+7
Пермь,342278xxxx,Tele2,342,+7
Пермь,342279xxxx,Tele2,342,+7
Пермь,342280xxxx,Ростелеком,342,+7
Пермь,342281xxxx,Ростелеком,342,+7
Пермь,342282xxxx,Ростелеком,342,+7
Пермь,342283xxxx,Ростелеком,342,+7
Пермь,342284xxxx,Ростелеком,342,+7
Пермь,342285xxxx,Ростелеком,342,+7
Пермь,342424xxxx,РОСТЕЛЕКОМ,342,+7
Пермь,342425xxxx,РОСТЕЛЕКОМ,342,+7
Пермь,342426xxxx,РОСТЕЛЕКОМ,342,+7
Пермь,342427xxxx,РОСТЕЛЕКОМ,342,+7
Пермь,34256398xx,Ростелеком,342,+7
Пермь,34256399xx,Ростелеком,342,+7
Пермь,342564xxxx,Ростелеком,342,+7
Пермь,342565xxxx,Ростелеком,342,+7
Пермь,34256600xx,Ростелеком,342,+7
Пермь,34256601xx,Ростелеком,342,+7
Пермь,34256602xx,Ростелеком,342,+7
Волгоград,844235xxxx,Ростелеком,844,+7
Волгоград,8442360xxx,Ростелеком,844,+7
Волгоград,8442361xxx,Ростелеком,844,+7
Волгоград,8442362xxx,Ростелеком,844,+7
Волгоград,8442363xxx,Ростелеком,844,+7
Волгоград,8442364xxx,Ростелеком,844,+7
Волгоград,8442365xxx,Ростелеком,844,+7
Волгоград,844236985x,Ростелеком,844,+7
Волгоград,844236986x,Ростелеком,844,+7
Волгоград,844236987x,Ростелеком,844,+7
Волгоград,844236988x,Ростелеком,844,+7
Волгоград,844236989x,Ростелеком,844,+7
Волгоград,84423699xx,Ростелеком,844,+7
Волгоград,844237xxxx,Ростелеком,844,+7
Волгоград,844238xxxx,Ростелеком,844,+7
Волгоград,844239xxxx,Ростелеком,844,+7
Волгоград,8442400xxx,Ростелеком,844,+7
Волгоград,8442401xxx,Ростелеком,844,+7
Волгоград,844248xxxx,ЭР-Телеком Холдинг,844,+7
Волгоград,844249xxxx,ЭР-Телеком Холдинг,844,+7
Волгоград,844250xxxx,МЕГАФОН,844,+7
Волгоград,844251xxxx,МЕГАФОН,844,+7
Волгоград,8442520xxx,МЕГАФОН,844,+7
Волгоград,8442521xxx,МЕГАФОН,844,+7
Волгоград,8442522xxx,МЕГАФОН,844,+7
Волгоград,8442523xxx,МЕГАФОН,844,+7
Волгоград,8442524xxx,МЕГАФОН,844,+7
Волгоград,844269xxxx,Ростелеком,844,+7
Волгоград,844270xxxx,Ростелеком,844,+7
Волгоград,844271xxxx,Ростелеком,844,+7
Волгоград,844272xxxx,Ростелеком,844,+7
Волгоград,844273xxxx,Ростелеком,844,+7
Волгоград,8442740xxx,Ростелеком,844,+7
Волгоград,8442741xxx,Ростелеком,844,+7
Волгоград,84427420xx,Ростелеком,844,+7
Волгоград,84427421xx,Ростелеком,844,+7
Волгоград,8442937xxx,Ростелеком,844,+7
Волгоград,8442938xxx,Ростелеком,844,+7
Волгоград,8442939xxx,Ростелеком,844,+7
Волгоград,844294xxxx,Ростелеком,844,+7
Волгоград,844295xxxx,Ростелеком,844,+7
Волгоград,844336xxxx,Ростелеком,844,+7
Волгоград,844337xxxx,Ростелеком,844,+7
Волгоград,844338xxxx,Ростелеком,844,+7
Волгоград,844339xxxx,Ростелеком,844,+7
Волгоград,84434000xx,Ростелеком,844,+7
Волгоград,84434001xx,Ростелеком,844,+7
Волгоград,84434002xx,Ростелеком,844,+7
Волгоград,84434003xx,Ростелеком,844,+7
Волгоград,844340040x,Ростелеком,844,+7
Волгоград,844351xxxx,Ростелеком,844,+7
Волгоград,844352xxxx,Ростелеком,844,+7
Волгоград,844353xxxx,Ростелеком,844,+7
Волгоград,844545xxxx,Ростелеком,844,+7
Волгоград,844546xxxx,Ростелеком,844,+7
Волгоград,844574xxxx,Ростелеком,844,+7
Волгоград,844575xxxx,Ростелеком,844,+7
Красноярск,391211xxxx,Ростелеком,391,+7
Красноярск,391212xxxx,Ростелеком,391,+7
Красноярск,391213xxxx,Ростелеком,391,+7
Красноярск,391240xxxx,Tele2,391,+7
Красноярск,391241xxxx,Tele2,391,+7
Красноярск,391242xxxx,Tele2,391,+7
Красноярск,391260xxxx,Ростелеком,391,+7
Красноярск,391261xxxx,Ростелеком,391,+7
Красноярск,391262xxxx,Ростелеком,391,+7
Красноярск,3912630xxx,Ростелеком,391,+7
Красноярск,3912631xxx,Ростелеком,391,+7
Красноярск,39126398xx,Ростелеком,391,+7
Красноярск,39126399xx,Ростелеком,391,+7
Красноярск,391264xxxx,Ростелеком,391,+7
Красноярск,391265xxxx,Ростелеком,391,+7
Красноярск,3912660xxx,Ростелеком,391,+7
Красноярск,3912661xxx,Ростелеком,391,+7
Красноярск,3912662xxx,Ростелеком,391,+7
Красноярск,3912663xxx,Ростелеком,391,+7
Красноярск,3912664xxx,Ростелеком,391,+7
Красноярск,3912665xxx,Ростелеком,391,+7
Красноярск,3912666xxx,Ростелеком,391,+7
Красноярск,3912667xxx,Ростелеком,391,+7
Красноярск,39126680xx,Ростелеком,391,+7
Красноярск,39126681xx,Ростелеком,391,+7
Красноярск,39126682xx,Ростелеком,391,+7
Красноярск,39126683xx,Ростелеком,391,+7
Красноярск,39126684xx,Ростелеком,391,+7
Красноярск,391270xxxx,Билайн,391,+7
Красноярск,391271xxxx,Билайн,391,+7
Красноярск,391272xxxx,Билайн,391,+7
Красноярск,3912749xxx,Билайн,391,+7
Красноярск,391275xxxx,Билайн,391,+7
Красноярск,391276xxxx,Билайн,391,+7
Красноярск,391277xxxx,Билайн,391,+7
Красноярск,391278xxxx,Билайн,391,+7
Красноярск,391279xxxx,Билайн,391,+7
Красноярск,391281xxxx,Tele2,391,+7
Красноярск,391282xxxx,Tele2,391,+7
Красноярск,391283xxxx,Tele2,391,+7
Красноярск,391284xxxx,Tele2,391,+7
Красноярск,391285xxxx,Tele2,391,+7
Красноярск,391286xxxx,Tele2,391,+7
Красноярск,391287xxxx,Tele2,391,+7
Красноярск,391288xxxx,Tele2,391,+7
Красноярск,391289xxxx,Tele2,391,+7
Красноярск,391292xxxx,Tele2,391,+7
Красноярск,391293xxxx,Tele2,391,+7
Красноярск,391294xxxx,Tele2,391,+7
Красноярск,391295xxxx,Tele2,391,+7
Красноярск,391924xxxx,Норникель Спутник,391,+7
Красноярск,391925xxxx,Норникель Спутник,391,+7
Красноярск,391926xxxx,Норникель Спутник,391,+7
Красноярск,391942xxxx,Норильск-Телеком,391,+7
Красноярск,391943xxxx,Норильск-Телеком,391,+7
Красноярск,3919440xxx,Норильск-Телеком,391,+7
Красноярск,39194410xx,Норильск-Телеком,391,+7
Красноярск,391944110x,Норильск-Телеком,391,+7
Красноярск,391944111x,Норильск-Телеком,391,+7
Воронеж,4732226xxx,Ростелеком,473,+7
Воронеж,4732227xxx,Ростелеком,473,+7
Воронеж,4732228xxx,Ростелеком,473,+7
Воронеж,4732229xxx,Ростелеком,473,+7
Воронеж,473223xxxx,Ростелеком,473,+7
Воронеж,473224xxxx,Ростелеком,473,+7
Воронеж,473225xxxx,Ростелеком,473,+7
Воронеж,4732335xxx,Ростелеком,473,+7
Воронеж,4732336xxx,Ростелеком,473,+7
Воронеж,4732337xxx,Ростелеком,473,+7
Воронеж,4732338xxx,Ростелеком,473,+7
Воронеж,4732339xxx,Ростелеком,473,+7
Воронеж,473234xxxx,Ростелеком,473,+7
Воронеж,473235xxxx,Ростелеком,473,+7
Воронеж,473236xxxx,Ростелеком,473,+7
Воронеж,473237xxxx,Ростелеком,473,+7
Воронеж,4732446xxx,Ростелеком,473,+7
Воронеж,4732447xxx,Ростелеком,473,+7
Воронеж,4732448xxx,Ростелеком,473,+7
Воронеж,4732449xxx,Ростелеком,473,+7
Воронеж,473245xxxx,Ростелеком,473,+7
Воронеж,473246xxxx,Ростелеком,473,+7
Воронеж,4732470xxx,Ростелеком,473,+7
Воронеж,4732471xxx,Ростелеком,473,+7
Воронеж,4732472xxx,Ростелеком,473,+7
Воронеж,4732473xxx,Ростелеком,473,+7
Воронеж,4732474xxx,Ростелеком,473,+7
Воронеж,4732475xxx,Ростелеком,473,+7
Воронеж,4732476xxx,Ростелеком,473,+7
Воронеж,4732477xxx,Ростелеком,473,+7
Воронеж,4732478xxx,Ростелеком,473,+7
Воронеж,47324790xx,Ростелеком,473,+7
Воронеж,47324791xx,Ростелеком,473,+7
Воронеж,47324792xx,Ростелеком,473,+7
Воронеж,47324793xx,Ростелеком,473,+7
Воронеж,4732759xxx,Ростелеком,473,+7
Воронеж,473276xxxx,Ростелеком,473,+7
Воронеж,473277xxxx,Ростелеком,473,+7
Воронеж,473278xxxx,Ростелеком,473,+7
Воронеж,473279xxxx,Ростелеком,473,+7
Воронеж,473290xxxx,Tele2,473,+7
Воронеж,473291xxxx,Tele2,473,+7
Воронеж,473292xxxx,Tele2,473,+7
Воронеж,473293xxxx,Tele2,473,+7
Воронеж,473294xxxx,Tele2,473,+7
Воронеж,473295xxxx,Tele2,473,+7
Воронеж,4734031xxx,Ростелеком,473,+7
Воронеж,4734032xxx,Ростелеком,473,+7
Воронеж,4734033xxx,Ростелеком,473,+7
Воронеж,4734034xxx,Ростелеком,473,+7
Воронеж,4734035xxx,Ростелеком,473,+7
Воронеж,4734036xxx,Ростелеком,473,+7
Воронеж,4734037xxx,Ростелеком,473,+7
Воронеж,4734038xxx,Ростелеком,473,+7
Воронеж,4734039xxx,Ростелеком,473,+7
Воронеж,473404xxxx,Ростелеком,473,+7
Воронеж,473405xxxx,Ростелеком,473,+7
Воронеж,473406xxxx,Ростелеком,473,+7
Воронеж,473503xxxx,Ростелеком,473,+7
Воронеж,473504xxxx,Ростелеком,473,+7
Воронеж,473505xxxx,Ростелеком,473,+7
Воронеж,4735060xxx,Ростелеком,473,+7
Воронеж,4735061xxx,Ростелеком,473,+7
Воронеж,4735062xxx,Ростелеком,473,+7
Воронеж,4735063xxx,Ростелеком,473,+7
Воронеж,4735064xxx,Ростелеком,473,+7
Воронеж,4735065xxx,Ростелеком,473,+7
Воронеж,4735066xxx,Ростелеком,473,+7
Воронеж,4736229xxx,Ростелеком,473,+7
Воронеж,473623xxxx,Ростелеком,473,+7
Воронеж,473624xxxx,Ростелеком,473,+7
Воронеж,473625xxxx,Ростелеком,473,+7
Воронеж,473626xxxx,Ростелеком,473,+7
Воронеж,473633xxxx,Ростелеком,473,+7
Воронеж,473634xxxx,Ростелеком,473,+7
Воронеж,473635xxxx,Ростелеком,473,+7
Воронеж,4736360xxx,Ростелеком,473,+7
Воронеж,4736361xxx,Ростелеком,473,+7
Воронеж,4736362xxx,Ростелеком,473,+7
Воронеж,4736363xxx,Ростелеком,473,+7
Воронеж,4736364xxx,Ростелеком,473,+7
Воронеж,4736365xxx,Ростелеком,473,+7
Воронеж,4736366xxx,Ростелеком,473,+7
Воронеж,4736367xxx,Ростелеком,473,+7
Воронеж,473753xxxx,Ростелеком,473,+7
Воронеж,473754xxxx,Ростелеком,473,+7
Воронеж,473755xxxx,Ростелеком,473,+7
Воронеж,4737560xxx,Ростелеком,473,+7
Воронеж,4737561xxx,Ростелеком,473,+7
Воронеж,4737562xxx,Ростелеком,473,+7
Воронеж,4737563xxx,Ростелеком,473,+7
Воронеж,4737564xxx,Ростелеком,473,+7
Саратов,84522135xx,Ростелеком,845,+7
Саратов,84522136xx,Ростелеком,845,+7
Саратов,84522137xx,Ростелеком,845,+7
Саратов,84522138xx,Ростелеком,845,+7
Саратов,84522139xx,Ростелеком,845,+7
Саратов,8452214xxx,Ростелеком,845,+7
Саратов,8452215xxx,Ростелеком,845,+7
Саратов,8452216xxx,Ростелеком,845,+7
Саратов,8452217xxx,Ростелеком,845,+7
Саратов,8452218xxx,Ростелеком,845,+7
Саратов,8452219xxx,Ростелеком,845,+7
Саратов,845222xxxx,Ростелеком,845,+7
Саратов,845223xxxx,Ростелеком,845,+7
Саратов,8452240xxx,Ростелеком,845,+7
Саратов,8452241xxx,Ростелеком,845,+7
Саратов,8452242xxx,Ростелеком,845,+7
Саратов,8452243xxx,Ростелеком,845,+7
Саратов,8452244xxx,Ростелеком,845,+7
Саратов,8452245xxx,Ростелеком,845,+7
Саратов,84522460xx,Ростелеком,845,+7
Саратов,84522461xx,Ростелеком,845,+7
Саратов,845224620x,Ростелеком,845,+7
Саратов,845224621x,Ростелеком,845,+7
Саратов,845224622x,Ростелеком,845,+7
Саратов,845224623x,Ростелеком,845,+7
Саратов,845224624x,Ростелеком,845,+7
Саратов,8452246250,Ростелеком,845,+7
Саратов,8452246251,Ростелеком,845,+7
Саратов,845250xxxx,Ростелеком,845,+7
Саратов,845251xxxx,Ростелеком,845,+7
Саратов,845252xxxx,Ростелеком,845,+7
Саратов,845258xxxx,Tele2,845,+7
Саратов,845259xxxx,Tele2,845,+7
Саратов,845260xxxx,Tele2,845,+7
Саратов,845261xxxx,Ростелеком,845,+7
Саратов,845262xxxx,Ростелеком,845,+7
Саратов,845263xxxx,Ростелеком,845,+7
Саратов,845264xxxx,Ростелеком,845,+7
Саратов,845331xxxx,Ростелеком,845,+7
Саратов,845332xxxx,Ростелеком,845,+7
Саратов,845333xxxx,Ростелеком,845,+7
Саратов,845354xxxx,Ростелеком,845,+7
Саратов,845355xxxx,Ростелеком,845,+7
Саратов,845356xxxx,Ростелеком,845,+7
Саратов,845362xxxx,Ростелеком,845,+7
Саратов,845363xxxx,Ростелеком,845,+7
Саратов,845364xxxx,Ростелеком,845,+7
Саратов,845365xxxx,Ростелеком,845,+7
Саратов,845366xxxx,Ростелеком,845,+7
Саратов,845372xxxx,Ростелеком,845,+7
Саратов,845373xxxx,Ростелеком,845,+7
Саратов,845374xxxx,Ростелеком,845,+7
Саратов,845454xxxx,Ростелеком,845,+7
Саратов,845455xxxx,Ростелеком,845,+7
Саратов,845456xxxx,Ростелеком,845,+7
Саратов,845742xxxx,Ростелеком,845,+7
Саратов,845743xxxx,Ростелеком,845,+7
Саратов,845744xxxx,Ростелеком,845,+7
Тольятти,8482235xxx,Ростелеком,848,+7
Тольятти,8482236xxx,Ростелеком,848,+7
Тольятти,8482237xxx,Ростелеком,848,+7
Тольятти,8482238xxx,Ростелеком,848,+7
Тольятти,8482239xxx,Ростелеком,848,+7
Тольятти,848224xxxx,Ростелеком,848,+7
Тольятти,8482250xxx,Ростелеком,848,+7
Тольятти,8482251xxx,Ростелеком,848,+7
Тольятти,8482252xxx,Ростелеком,848,+7
Тольятти,8482253xxx,Ростелеком,848,+7
Тольятти,8482254xxx,Ростелеком,848,+7
Тольятти,8482255xxx,Ростелеком,848,+7
Тольятти,8482256xxx,Ростелеком,848,+7
Тольятти,8482257xxx,Ростелеком,848,+7
Тольятти,8482258xxx,Ростелеком,848,+7
Тольятти,84822590xx,Ростелеком,848,+7
Тольятти,84822591xx,Ростелеком,848,+7
Тольятти,84822592xx,Ростелеком,848,+7
Тольятти,84822593xx,Ростелеком,848,+7
Тольятти,84822594xx,Ростелеком,848,+7
Тольятти,84822595xx,Ростелеком,848,+7
Тольятти,84822596xx,Ростелеком,848,+7
Тольятти,84822597xx,Ростелеком,848,+7
Тольятти,848232xxxx,Ростелеком,848,+7
Тольятти,848233xxxx,Ростелеком,848,+7
Тольятти,848234xxxx,Ростелеком,848,+7
Тольятти,848235xxxx,Ростелеком,848,+7
Тольятти,848237xxxx,Ростелеком,848,+7
Тольятти,8482380xxx,Ростелеком,848,+7
Тольятти,8482381xxx,Ростелеком,848,+7
Тольятти,8482382xxx,Ростелеком,848,+7
Тольятти,8482383xxx,Ростелеком,848,+7
Тольятти,8482384xxx,Ростелеком,848,+7
Тольятти,8482385xxx,Ростелеком,848,+7
Тольятти,848243xxxx,МегаФон,848,+7
Тольятти,848244xxxx,МегаФон,848,+7
Тольятти,848246xxxx,МегаФон,848,+7
Тольятти,848247xxxx,МегаФон,848,+7
Тольятти,848261xxxx,МегаФон,848,+7
Тольятти,848262xxxx,МегаФон,848,+7
Тольятти,8482630xxx,МегаФон,848,+7
Тольятти,8482631xxx,МегаФон,848,+7
Тольятти,8482632xxx,МегаФон,848,+7
Тольятти,8482633xxx,МегаФон,848,+7
Тольятти,8482634xxx,МегаФон,848,+7
Тольятти,8482694xxx,ИнфоЛада,848,+7
Тольятти,8482695xxx,ИнфоЛада,848,+7
Тольятти,8482696xxx,ИнфоЛада,848,+7
Тольятти,8482697xxx,ИнфоЛада,848,+7
Тольятти,8482698xxx,ИнфоЛада,848,+7
Тольятти,8482699xxx,ИнфоЛада,848,+7
Тольятти,848270xxxx,ИнфоЛада,848,+7
Тольятти,848272xxxx,Ростелеком,848,+7
Тольятти,8482730xxx,Ростелеком,848,+7
Тольятти,8482731xxx,Ростелеком,848,+7
Тольятти,8482732xxx,Ростелеком,848,+7
Тольятти,8482733xxx,Ростелеком,848,+7
Тольятти,8482734xxx,Ростелеком,848,+7
Тольятти,848278xxxx,МегаФон,848,+7
Тольятти,8482790xxx,МегаФон,848,+7
Тольятти,8482791xxx,МегаФон,848,+7
Тольятти,8482792xxx,МегаФон,848,+7
Тольятти,8482793xxx,МегаФон,848,+7
Тольятти,8482794xxx,МегаФон,848,+7
Тольятти,84891xxxxx,Билайн,848,+7
Краснодар,86121998xx,Ростелеком,861,+7
Краснодар,86121999xx,Ростелеком,861,+7
Краснодар,86122xxxxx,Ростелеком,861,+7
Краснодар,861231xxxx,Ростелеком,861,+7
Краснодар,861232xxxx,Ростелеком,861,+7
Краснодар,861233xxxx,Ростелеком,861,+7
Краснодар,861234xxxx,Ростелеком,861,+7
Краснодар,861235xxxx,Ростелеком,861,+7
Краснодар,861236xxxx,Ростелеком,861,+7
Краснодар,861237xxxx,Ростелеком,861,+7
Краснодар,86124xxxxx,МТС,861,+7
Краснодар,861250xxxx,Ростелеком,861,+7
Краснодар,861251xxxx,Ростелеком,861,+7
Краснодар,861252xxxx,Ростелеком,861,+7
Краснодар,861253xxxx,Ростелеком,861,+7
Краснодар,861254xxxx,Ростелеком,861,+7
Краснодар,861255xxxx,Ростелеком,861,+7
Краснодар,8612589xxx,Ростелеком,861,+7
Краснодар,861259xxxx,Ростелеком,861,+7
Краснодар,861260xxxx,Ростелеком,861,+7
Краснодар,861261xxxx,Ростелеком,861,+7
Краснодар,861262xxxx,Ростелеком,861,+7
Краснодар,8612630xxx,Ростелеком,861,+7
Краснодар,86126310xx,Ростелеком,861,+7
Краснодар,86126311xx,Ростелеком,861,+7
Краснодар,86126312xx,Ростелеком,861,+7
Краснодар,86126313xx,Ростелеком,861,+7
Краснодар,86126314xx,Ростелеком,861,+7
Краснодар,861263150x,Ростелеком,861,+7
Краснодар,861263151x,Ростелеком,861,+7
Краснодар,861263152x,Ростелеком,861,+7
Краснодар,8612631530,Ростелеком,861,+7
Краснодар,8612631531,Ростелеком,861,+7
Краснодар,8612655xxx,Ростелеком,861,+7
Краснодар,8612656xxx,Ростелеком,861,+7
Краснодар,8612657xxx,Ростелеком,861,+7
Краснодар,8612658xxx,Ростелеком,861,+7
Краснодар,8612659xxx,Ростелеком,861,+7
Краснодар,861266xxxx,Ростелеком,861,+7
Краснодар,861267xxxx,Ростелеком,861,+7
Краснодар,861268xxxx,Ростелеком,861,+7
Краснодар,86126900xx,Ростелеком,861,+7
Краснодар,861270xxxx,Билайн,861,+7
Краснодар,861271xxxx,Билайн,861,+7
Краснодар,861272xxxx,Билайн,861,+7
Краснодар,861273xxxx,Билайн,861,+7
Краснодар,861290xxxx,МегаФон,861,+7
Краснодар,861291xxxx,МегаФон,861,+7
Краснодар,861292xxxx,МегаФон,861,+7
Краснодар,861293xxxx,МегаФон,861,+7
Краснодар,861750xxxx,МТС,861,+7
Краснодар,861751xxxx,МТС,861,+7
Краснодар,861752xxxx,МТС,861,+7
Краснодар,861753xxxx,МТС,861,+7
Краснодар,861754xxxx,МТС,861,+7
Краснодар,861755xxxx,МТС,861,+7
Краснодар,861756xxxx,МТС,861,+7
Краснодар,861757xxxx,МТС,861,+7
Краснодар,86199xxxxx,Ростелеком,861,+7
Ижевск,341240xxxx,Ростелеком,341,+7
Ижевск,341241xxxx,Ростелеком,341,+7
Ижевск,341242xxxx,Ростелеком,341,+7
Ижевск,341243xxxx,Ростелеком,341,+7
Ижевск,341244xxxx,Ростелеком,341,+7
Ижевск,341245xxxx,Ростелеком,341,+7
Ижевск,341246xxxx,Ростелеком,341,+7
Ижевск,3412503184,Ростелеком,341,+7
Ижевск,3412503185,Ростелеком,341,+7
Ижевск,3412503186,Ростелеком,341,+7
Ижевск,3412503187,Ростелеком,341,+7
Ижевск,3412503188,Ростелеком,341,+7
Ижевск,3412503189,Ростелеком,341,+7
Ижевск,341250319x,Ростелеком,341,+7
Ижевск,34125032xx,Ростелеком,341,+7
Ижевск,34125033xx,Ростелеком,341,+7
Ижевск,34125034xx,Ростелеком,341,+7
Ижевск,34125035xx,Ростелеком,341,+7
Ижевск,34125036xx,Ростелеком,341,+7
Ижевск,34125037xx,Ростелеком,341,+7
Ижевск,34125038xx,Ростелеком,341,+7
Ижевск,34125039xx,Ростелеком,341,+7
Ижевск,3412504xxx,Ростелеком,341,+7
Ижевск,3412505xxx,Ростелеком,341,+7
Ижевск,3412506xxx,Ростелеком,341,+7
Ижевск,3412507xxx,Ростелеком,341,+7
Ижевск,3412508xxx,Ростелеком,341,+7
Ижевск,3412509xxx,Ростелеком,341,+7
Ижевск,341251xxxx,Ростелеком,341,+7
Ижевск,341252xxxx,Ростелеком,341,+7
Ижевск,3412530xxx,Ростелеком,341,+7
Ижевск,341253100x,Ростелеком,341,+7
Ижевск,341253101x,Ростелеком,341,+7
Ижевск,341253102x,Ростелеком,341,+7
Ижевск,341253103x,Ростелеком,341,+7
Ижевск,341253104x,Ростелеком,341,+7
Ижевск,341253105x,Ростелеком,341,+7
Ижевск,341253106x,Ростелеком,341,+7
Ижевск,341253107x,Ростелеком,341,+7
Ижевск,341253108x,Ростелеком,341,+7
Ижевск,3412531090,Ростелеком,341,+7
Ижевск,3412531091,Ростелеком,341,+7
Ижевск,3412531092,Ростелеком,341,+7
Ижевск,3412531093,Ростелеком,341,+7
Ижевск,3412531094,Ростелеком,341,+7
Ижевск,3412531095,Ростелеком,341,+7
Ижевск,3412531096,Ростелеком,341,+7
Ижевск,3412531097,Ростелеком,341,+7
Ижевск,3412531098,Ростелеком,341,+7
Ижевск,3412531099,Ростелеком,341,+7
Ижевск,341258xxxx,Ростелеком,341,+7
Ижевск,3412590xxx,Ростелеком,341,+7
Ижевск,3412591xxx,Ростелеком,341,+7
Ижевск,3412592xxx,Ростелеком,341,+7
Ижевск,3412593xxx,Ростелеком,341,+7
Ижевск,34125940xx,Ростелеком,341,+7
Ижевск,34125941xx,Ростелеком,341,+7
Ижевск,34125942xx,Ростелеком,341,+7
Ижевск,34125943xx,Ростелеком,341,+7
Ижевск,34125944xx,Ростелеком,341,+7
Ижевск,34125945xx,Ростелеком,341,+7
Ижевск,3412594600,Ростелеком,341,+7
Ижевск,3412594601,Ростелеком,341,+7
Ижевск,3412594602,Ростелеком,341,+7
Ижевск,341261xxxx,Ростелеком,341,+7
Ижевск,341262xxxx,Ростелеком,341,+7
Ижевск,341263xxxx,Ростелеком,341,+7
Ижевск,34126928xx,Ростелеком,341,+7
Ижевск,34126929xx,Ростелеком,341,+7
Ижевск,3412693xxx,Ростелеком,341,+7
Ижевск,3412694xxx,Ростелеком,341,+7
Ижевск,3412695xxx,Ростелеком,341,+7
Ижевск,3412696xxx,Ростелеком,341,+7
Ижевск,3412697xxx,Ростелеком,341,+7
Ижевск,3412698xxx,Ростелеком,341,+7
Ижевск,3412699xxx,Ростелеком,341,+7
Ижевск,341270xxxx,Ростелеком,341,+7
Ижевск,341271xxxx,Ростелеком,341,+7
Ижевск,341272xxxx,Ростелеком,341,+7
Ижевск,341273xxxx,Ростелеком,341,+7
Ижевск,341274xxxx,Ростелеком,341,+7
Ижевск,34127500xx,Ростелеком,341,+7
Ижевск,34127501xx,Ростелеком,341,+7
Ижевск,34127502xx,Ростелеком,341,+7
Ижевск,34127503xx,Ростелеком,341,+7
Ижевск,34127504xx,Ростелеком,341,+7
Ижевск,34127505xx,Ростелеком,341,+7
Ижевск,341275060x,Ростелеком,341,+7
Ижевск,341275061x,Ростелеком,341,+7
Ижевск,341275062x,Ростелеком,341,+7
Ижевск,341275063x,Ростелеком,341,+7
Ижевск,341275064x,Ростелеком,341,+7
Ижевск,3412750650,Ростелеком,341,+7
Ижевск,3412750651,Ростелеком,341,+7
Ижевск,3412750652,Ростелеком,341,+7
Ижевск,3412750653,Ростелеком,341,+7
Ижевск,3412750654,Ростелеком,341,+7
Ижевск,3412750655,Ростелеком,341,+7
Ижевск,34129389xx,Билайн,341,+7
Ижевск,3412939xxx,Билайн,341,+7
Ижевск,341294xxxx,Билайн,341,+7
Ижевск,3412950xxx,Билайн,341,+7
Ижевск,3412951xxx,Билайн,341,+7
Ижевск,3412952xxx,Билайн,341,+7
Ижевск,3412953xxx,Билайн,341,+7
Ижевск,3412954xxx,Билайн,341,+7
Ижевск,3412955xxx,Билайн,341,+7
Ижевск,34129560xx,Билайн,341,+7
Ижевск,34129561xx,Билайн,341,+7
Ижевск,341393xxxx,Ростелеком,341,+7
Ижевск,3413940xxx,Ростелеком,341,+7
Ижевск,3413941xxx,Ростелеком,341,+7
Ижевск,3413942xxx,Ростелеком,341,+7
Ижевск,3413943xxx,Ростелеком,341,+7
Ижевск,3413944xxx,Ростелеком,341,+7
Ижевск,3414121xxx,Ростелеком,341,+7
Ижевск,3414122xxx,Ростелеком,341,+7
Ижевск,3414123xxx,Ростелеком,341,+7
Ижевск,3414124xxx,Ростелеком,341,+7
Ижевск,3414125xxx,Ростелеком,341,+7
Ижевск,3414126xxx,Ростелеком,341,+7
Ижевск,3414127xxx,Ростелеком,341,+7
Ижевск,3414128xxx,Ростелеком,341,+7
Ижевск,3414129xxx,Ростелеком,341,+7
Ижевск,341413xxxx,Ростелеком,341,+7
Ижевск,3414140xxx,Ростелеком,341,+7
Ижевск,3414141xxx,Ростелеком,341,+7
Ижевск,3414142xxx,Ростелеком,341,+7
Ижевск,3414143xxx,Ростелеком,341,+7
Ижевск,3414144xxx,Ростелеком,341,+7
Ижевск,34145243xx,Ростелеком,341,+7
Ижевск,34145244xx,Ростелеком,341,+7
Ижевск,34145245xx,Ростелеком,341,+7
Ижевск,34145246xx,Ростелеком,341,+7
Ижевск,34145247xx,Ростелеком,341,+7
Ижевск,34145248xx,Ростелеком,341,+7
Ижевск,34145249xx,Ростелеком,341,+7
Ижевск,3414525xxx,Ростелеком,341,+7
Ижевск,3414526xxx,Ростелеком,341,+7
Ижевск,3414527xxx,Ростелеком,341,+7
Ижевск,3414528xxx,Ростелеком,341,+7
Ижевск,3414529xxx,Ростелеком,341,+7
Ижевск,341453xxxx,Ростелеком,341,+7
Ижевск,341454xxxx,Ростелеком,341,+7
Ижевск,341455xxxx,Ростелеком,341,+7
Ижевск,3414560xxx,Ростелеком,341,+7
Ижевск,34147289xx,Ростелеком,341,+7
Ижевск,3414729xxx,Ростелеком,341,+7
Ижевск,341473xxxx,Ростелеком,341,+7
Ижевск,3414740xxx,Ростелеком,341,+7
Ижевск,3414741xxx,Ростелеком,341,+7
Ижевск,3414742xxx,Ростелеком,341,+7
Ижевск,3414743xxx,Ростелеком,341,+7
Ижевск,3414744xxx,Ростелеком,341,+7
Ижевск,3414745xxx,Ростелеком,341,+7
Ижевск,3414746xxx,Ростелеком,341,+7
Ижевск,3414747xxx,Ростелеком,341,+7
Ижевск,34147480xx,Ростелеком,341,+7
Ижевск,34147481xx,Ростелеком,341,+7
Ижевск,34147482xx,Ростелеком,341,+7
Ижевск,34147483xx,Ростелеком,341,+7
Ярославль,485220xxxx,Ростелеком,485,+7
Ярославль,485221xxxx,Ростелеком,485,+7
Ярославль,485222xxxx,Ростелеком,485,+7
Ярославль,485224xxxx,Ростелеком,485,+7
Ярославль,485225xxxx,Ростелеком,485,+7
Ярославль,485235xxxx,Ростелеком,485,+7
Ярославль,485236xxxx,Ростелеком,485,+7
Ярославль,4852428xxx,Ростелеком,485,+7
Ярославль,4852429xxx,Ростелеком,485,+7
Ярославль,485243xxxx,Ростелеком,485,+7
Ярославль,485244xxxx,Ростелеком,485,+7
Ярославль,485245xxxx,Ростелеком,485,+7
Ярославль,485246xxxx,Ростелеком,485,+7
Ярославль,485247xxxx,Ростелеком,485,+7
Ярославль,485248xxxx,Ростелеком,485,+7
Ярославль,48524900xx,Ростелеком,485,+7
Ярославль,48524901xx,Ростелеком,485,+7
Ярославль,48524902xx,Ростелеком,485,+7
Ярославль,48524903xx,Ростелеком,485,+7
Ярославль,4852498xxx,Ростелеком,485,+7
Ярославль,4852499xxx,Ростелеком,485,+7
Ярославль,485250xxxx,Ростелеком,485,+7
Ярославль,485251xxxx,Ростелеком,485,+7
Ярославль,485253xxxx,Ростелеком,485,+7
Ярославль,485254xxxx,Ростелеком,485,+7
Ярославль,485255xxxx,Ростелеком,485,+7
Ярославль,485256xxxx,Ростелеком,485,+7
Ярославль,485257xxxx,Ростелеком,485,+7
Ярославль,485271xxxx,Ростелеком,485,+7
Ярославль,485272xxxx,Ростелеком,485,+7
Ярославль,485273xxxx,Ростелеком,485,+7
Ярославль,485274xxxx,Ростелеком,485,+7
Ярославль,485275xxxx,Ростелеком,485,+7
Ярославль,485276xxxx,Ростелеком,485,+7
Ярославль,485290xxxx,МегаФон,485,+7
Ярославль,485291xxxx,МегаФон,485,+7
Ярославль,485292xxxx,МегаФон,485,+7
Ярославль,485293xxxx,МегаФон,485,+7
Ярославль,485297xxxx,Tele2,485,+7
Ярославль,485298xxxx,Tele2,485,+7
Ярославль,485299xxxx,Tele2,485,+7
Ярославль,48552013xx,Ростелеком,485,+7
Ярославль,48552014xx,Ростелеком,485,+7
Ярославль,48552015xx,Ростелеком,485,+7
Ярославль,48552016xx,Ростелеком,485,+7
Ярославль,48552017xx,Ростелеком,485,+7
Ярославль,48552018xx,Ростелеком,485,+7
Ярославль,48552019xx,Ростелеком,485,+7
Ярославль,4855202xxx,Ростелеком,485,+7
Ярославль,4855203xxx,Ростелеком,485,+7
Ярославль,4855204xxx,Ростелеком,485,+7
Ярославль,4855205xxx,Ростелеком,485,+7
Ярославль,4855206xxx,Ростелеком,485,+7
Ярославль,4855207xxx,Ростелеком,485,+7
Ярославль,4855208xxx,Ростелеком,485,+7
Ярославль,4855209xxx,Ростелеком,485,+7
Ярославль,485521xxxx,Ростелеком,485,+7
Ярославль,485522xxxx,Ростелеком,485,+7
